2087519489025827191
2087520742304854358
2087521006092972050
2087521255868006661
2087521600593690668
2087524546840494322
2087524640218398795
2087525644095680766
2087528048828539321
2087530303237623921
2087530521769226528
2087532573597548584
2087533531555627436
2087533867221635281
2087534568186564910
2087534702915707220
2087535257431994476
2087536574766420426
2087537084773110089
2087537697296421106
2087538400064589964
2087538766609043902
2087538940865647090
2087539779772551223
2087541658925559834
2087547152545259747
2087549386809078037
2087549816398123044
2087551029118149118
2087552990060167426
2087553333355573290
2087555319677288706
2087560950127661215
2087561388361204141
2087561755891294527
2087562484383207501
2087563853898846317
2087565079822712995
2087565701930164526
2087566320170573978
2087569420478550519
2087569800868282516
2087577415300026546
2087580734579954155
2087581869818724366
2087583904618238036
2087584900962472241
2087587261818847302
2087588937489387591
2087589374535811263
2087589648407085181
2087590301300822508
2087595067619897734
2087595135265587318
2087596158159933739
2087597554795987262
2087600309245751317
2087602544990117953
2087606024966689232
2087606888623997310
2087607001773752471
2087607841557237833
2087608254511632480
2087609058752971157
2087611096626610500
2087611494359802082
2087612806027759853
2087618086287602027
2087618950708277353
2087618977744736268
2087619469371719710
2087622644531097915
2087625167644016805
2087625496653934977
2087630200649445877
2087633630235382059
2087634650042716593
2087637431176536312
2087638098993615129
2087640930559938827
2087644312423043313
2087644671350907322
2087647794634899841
2087652325191983419
2087652629279302095
2087652848192393364
2087653011338268930
2087656377544269933
2087660548561186934
2087663024731496869
2087663826061676619
2087664316413530533
2087667591204483439
2087671767972057484
2087672875746537669
2087675736215704044
2087676128701882545
2087676793440387441
2087676865250992461
2087679271846224294
2087686503073820685
2087687950700040322
2087688266984140932
2087689375148613844
2087690014742167565
2087694789059711331
2087698286891225581
2087698447621132624
2087700265977647493
2087701921037713537
2087714165490110567
2087721213363622164
2087723305901945179
2087729987642171529
2087739769434349641
2087746074291122521
2087751390894440466
2087849144262238333
2087855935842906298
2087858506208579800
2087866459921793044
2087871472618328517
2087879342999122261
2087882886523261234
2087882939388322099
2087889624903393761
2087891375962333264
2087892783138771403
2087894607128412628
2087897072225636626
2087900348606304465
2087901996577697858
2087907782598984010
2087908804239184381
2087909540075323728
2087911239733182873
2087912905249325179
2087917273151369705
2087922836098683158
2087923681695555816
2087926480990789651
2087927023368831175
2087927029916135607
2087927806281855208
2087928308604235829
2087929791169106190
2087929859074867272
2087931568438317248
2087939738888007839
2087940119256821815
2087940153138442643
2087943103252398214
2087946366416736430
2087947810809290941
2087948234966642899
2087949275003023480
2087950756578001391
2087952052546662677
2087952101133459690
2087952229152031101
2087955079450038356
2087955115768459584
2087955267933569210
2087957841936101476
2087958791337738241
2087959299775668240
2087962308362354983
2087962394438066475
2087962496258707770
2087962550700814368
2087965716255227946
2087966296491089962
2087968030013968580
2087973875527159873
2087974104246661158
2087974238242103578
2087978292858990838
2087980913552494758
2087981425655947757
2087984533102563418
2087985294016499779
2087987182346625140
2087987688188109186
2087988923783897392
2087991549007397039
2087991889634971895
2087992190354030908
2087992980045263203
2087993121845989415
2087993263978430699
2087994226550477035
2088001468028559709
2088006379155960216
2088006572530184403
2088008123122434372
2088009282717429954
2088010354907631785
2088011422143819813
2088013741635887122
2088015235462640014
2088016583159370007
2088017982144254170
2088020109210091668
2088020259986866553
2088020491147554913
2088024121657409630
2088027123340443677
2088027282833076341
2088029234707259820
2088029962884559350
2088038610599580144
2088041708382507494
2088043867450851445
2088045642044100786
2088056885224050834
2088058086225276954
2088061069877022955
2088061745315164206
2088062112899707318
2088066213511397599
2088071171703005622
2088073339893924105
2088088138522444191
2088094609737974093
2088095629037752607
2088096135139246589
2088098049385976225
2088098676895781230
2088099034976100730
2088100776400802223
2088102268486680694
2088103346481578112
2088104061396562392
2088104948999303251
2088115864881045878
2088124804607910198
2088152120595718491
2088157792121077937
2088211529305145562
2088222062590497206
2088224829371544018
2088225620090040562
2088225715758014577
2088228970978271574
2088245899600208025
2088246509720469879
2088246600149688415
2088252610750930992
2088256459565859015
2088265435410059382
2088265625177096278
2088265635604070462
2088271536998211756
2088274146945810547
2088275224361926672
2088275833836163512
2088276210191130649
2088277658136109463
2088279489079824465
2088280325914755539
2088282570412708268
2088283436939116604
2088283982043521410
2088284361065980176
2088284906807832757
2088287027171057767
2088289762155143499
2088292269572915655
2088293593463058718
2088294336660164803
2088294431770243290
2088296576355578164
2088297732528078998
2088299850781622359
2088302104343363734
2088302128142102542
2088302128997790131
2088302735204458729
2088303066831294535
2088304031710015621
2088308985845662003
2088308988576219501
2088313689719849163
2088316626441551965
2088317574022823980
2088317785554198800
2088319094957465619
2088321234803085357
2088326300662444035
2088331234581635529
2088332940291735882
2088333384019796206
2088335459629904282
2088340071296668010
2088342991392088239
2088343177820344577
2088343530376970364
2088343884342427986
2088345176955597049
2088347426088231399
2088347666941960431
2088350295315107900
2088354058037858634
2088355237744508976
2088355494939218091
2088355925677556091
2088358645641691493
2088362685087768870
2088363939738661175
2088367539084558636
2088368058515493038
2088370447599509724
2088371845770760382
2088373174127726802
2088373334530494723
2088373357351707039
2088376531886207264
2088379446487130526
2088382793059348768
2088385174853578790
2088393493634809946
2088394897082728627
2088397010109940156
2088397169682166263
2088400843846336754
2088401209241833578
2088402127790211204
2088402135650033868
2088404102917029911
2088406284148130266
2088407424717684938
2088408661454459210
2088410307492249620
2088411708981223683
2088416653281296594
2088416884513235294
2088423009136599321
2088426696747667960
2088428260178681882
2088428354240143415
2088432548351213962
2088436496768344571
2088438072257974740
2088441777694871945
2088441939704119668
2088442260597743641
2088444008200585415
2088444027171414218
2088444730501660771
2088445026955051092
2088447986133000692
2088448313427111940
2088449236425732152
2088449449777414313
2088452651935543484
2088453289746505972
2088455390178484590
2088456836391285065
2088456875197050999
2088456902933913817
2088458084771344836
2088475773564756329
2088480058981703801
2088484439751798828
2088564379868426336
2088572222084428238
2088573917350744201
2088580173524345028
2088580288464949637
2088583713286246556
2088584156955517086
2088591652524802091
2088593940475761105
2088595143091761398
2088597136002720188
2088601718170730708
2088603588717150371
2088604116134363430
2088610824571003226
2088622568446033927
2088622879633973423
2088627520878825697
2088641866136687041
2088642657878704223
2088642762497253798
2088643076604502381
2088649027403338195
2088653605414789291
2088664513554042974
2088666956207440151
2088668013633339742
2088668427418243532
2088672065322946981
2088674117029404756
2088679382453715198
2088681891251528183
2088683288236019863
2088688939435483451
2088698631037522303
2088706744209838152
2088708517318230338
2088717961200587188
2088720515003265089
2088721626904895961
2088731570584584510
2088732462146806237
2088732871292756213
2088739991660741004
2088743375633617255
2088746101767606598
2088747794748342633
2088755113166860395
2088756089374507123
2088756259092656533
2088761078146802024
2088761900708344112
2088764085550624807
2088767206368633151
2088768271902298537
2088769336831779100
2088770245733273863
2088771293717958974
2088773963115540749
2088774419057377315
2088777439820259403
2088777446942298236
2088779892817113159
2088780183805300867
2088784857400811551
2088785640917725453
2088787543168868570
2088788242959122897
2088789291027636722
2088789590354047283
2088792196883349952
2088793253923492246
2088796746159636704
2088802865485672910
2088803177772564610
2088803464205754588
2088805741855494614
2088806209843232989
2088811679060537728
2088815641981603840
2088815826396696610
2088816147135074582
2088822168549245349
2088823035293749397
2088828678733967561
2088833236860301616
2088837644444701081
2088843548506333664
2088868646776926585
2088878497716457814
2088936306290081860
2088950749795373354
2088951317607682179
2088951407370232078
2088963180160507990
2088967413236719711
2088979408602182085
2088980740323098818
2088989064833736941
2088989931368534284
2088992578016264531
2088992810401677743
2088993552881610975
2088996914268110957
2088999683670593864
2089004898201292882
2089005001477652758
2089005514722029656
2089005529255313782
2089008794659443007
2089009534052282868
2089015239421354178
2089017698394996938
2089018980455297370
2089023281152066003
2089024815625589187
2089026901675250092
2089031746457096660
2089034606477492645
2089048830712947060
2089050348212101563
2089052797941809292
2089064227260547447
2089065183830249546
2089066632442200316
2089068852747382788
2089069418680619085
2089073707545169963
2089079600873689346
2089093120436621323
2089096165304180985
2089096826670456838
2089102541640368480
2089113267553566743
2089125877032345611
2089136266465902983
2089163362005369249
2089177516351103083
2089191501372817765
2089298692406915474
2089305922489213313
2089312723850956986
2089314369632952430
2089319795531354613
2089332081541161411
2089333391728533971
2089346028025618896
2089347171061498200
2089356143059472480
2089356418520318212
2089360112892670267
2089361991311724995
2089362945750757707
2089372543035609503
2089394040118599878
2089402251169214953
2089415713534456232
2089424873168810294
2089426772064432633
2089432708887802042
2089437255932768407
2089444541913063771
2089445652514181183
2089447509206704539
2089448133231104016
2089456419489587461
2089470734284234780
2089471174782632080
2089471370212024813
2089471470502056436
2089472024875790699
2089474572407992812
2089476240667210183
2089476489746006311
2089485477166407949
2089487444689207479
2089489865624662275
2089490186807709862
2089493257071853659
2089494588444578119
2089501915407065227
2089507488315916390
2089510881507869166
2089511242402546088
2089515012373066212
2089570485314998614
2089667960788918604
2089677903139061772
2089701617410974076
2089704018171847113
2089708924261769281
2089710969203126576
2089711055568011636
2089711169493770299
2089713458732220760
2089717714549919927
2089718091064193134
2089722893135409579
2089733074070143213
2089733322154934300
2089734242557170119
2089748161480806740
2089748568454177223
2089760816199303589
2089765169115086967
2089784091839189351
2089784308068212850
2089788922981134337
2089795841267490955
2089797575683489921
2089804440744210930
2089808911301767619
2089809943369044117
2089810228359606637
2089823614564438134
2089825955871371686
2089828017367331179
2089829538658222539
2089834263382307150
2089834733924475248
2089849911474782353
2089852988353339542
2089856553520128147
2089862884612350006
2089869728730820644
2089891303580487816
2089895128127140346
2089903473286344890
2089925822186471812
2090036062873641290
2090037434163569092
2090055893823946977
2090064527106752942
2090076327667728883
2090078709243920697
2090083478389883235
2090085604751011884
2090103891027206155
2090119979353899274
2090126980305813652
2090151119527850222
2090151434394210619
2090174633202909279
2090179874820694459
2090182558034120956
2090182779090653618
2090182923940925733
2090185331681394719
2090186148580606162
2090198517427912898
2090203358489403753
2090218495346618653
2090221477169696942
2090227929716277456
2090242567837208909
2090251536421052854
2090278959074185483
2090308080474976667
2090388436305707051
2090399038214418816
2090416028706635951
2090419622642094330
2090446649147425020
2090481515478057410
2090490610910187621
2090491248222068742
2090507419684049270
2090513103679004861
2090528505234682187
2090537823761789332
2090557023955931613
2090557843837465044
2090616685199851636
2090877886395797701
2090921890902602020
2090940805166817357
2090947034794570196
2090947138075398210
2090947299908194337
2090968810425626798
2091971778985832776
2092262049258615280
2092343774932553815
2092615923123261445
2092705974565904871
2092713855986364722
2092732208985362527
2093026970825085263
2093112536551887178
2093161556217356649
2093292526299963471
2093346445080297502
2093419356143468951
2093441049502818613
2093453717966033121
2093467499673043036
2093490403798360117
2093491681668591846
2093518895948734683
2093670002733789201
2093683990423011394
2093706875950788710
2093737946608238674
2093742485486903307
2093787747026608374
2094032395087319055
2094093220401598632
2094104266470244389
2094270293866852823
2094281221031215249
2094310168951398409
2094395447007760575
2094414457879359781
2094425364059537557
2094425460595736883
2094425994559938775
2094434921527869854
2094457920696008817
2094462217089397208
2094468953103888766
2094470273852440839
2094473290471354848
2094494855804178918
2094496353997230287
2094512659928379802
2094512663829119371
2094546761146568812
2094548257313567233
2094561790575186247
2094568666595516854
2094575468670239048
2094628342913794051
2094641265291718752
2094659474112106684
2094720156308013169
2094756125824467234
2094757865571373457
2094759027292954756
2094767482854592833
2094779712488837533
2094782477613072681
2094785416037572903
2094790915022045672
2094791295751356867
2094792936542109991
2094799691669962981
2094800763209875826
2094802859124514952
2094809911389458610
2094810200091906239
2094810472121864278
2094811866723676353
2094813071025811950
2094815064435949634
2094816269077795113
2094817849680277969
2094819564290801971
2094822572307218480
2094829193359946076
2094831322501914639
2094832153062457483
2094835530991075445
2094840206742765684
2094841956065005950
2094844218455797871
2094847161200759054
2094853239976174068
2094854320978071654
2094854607205745129
2094854988883501486
2094855083703881815
2094855291749773388
2094856329659601171
2094858538778505473
2094858929737990382
2094858956199891111
2094860506657866159
2094860739752153213
2094861195543019947
2094861506689008016
2094862126016045510
2094863414359101791
2094865235458810043
2094869076011106657
2094870586551943490
2094871850840940684
2094872783209586894
2094873931421225359
2094881429595226308
2094883891995697522
2094884251116216520
2094886835625287848
2094887613454799174
2094887912454168976
2094888606187782270
2094889844564795550
2094890849159004386
2094892503744884974
2094893741114900599
2094894187317506481
2094896095113404924
2094896242530615520
2094896306330218808
2094896316325183725
2094896628293390423
2094897047711129720
2094898080667644134
2094900267468599411
2094901431727743262
2094902175109427372
2094904605951791611
2094906977919070523
2094907216843452664
2094908893100929219
2094909356047557099
2094911503337943253
2094911906599362875
2094912085914157490
2094912654607544477
2094914875005014512
2094915231944155479
2094916435461988541
2094916591511113967
2094917011939713148
2094917513192636514
2094918735152779296
2094921247406575774
2094922870967124063
2094922903678505266
2094922909835771906
2094924099155906685
2094924826225856624
2094925244796416174
2094925829230772422
2094926736676855829
2094927669133533221
2094929545749033342
2094930132322455725
2094930989734604995
2094931547732291993
2094933226775077012
2094934495359123803
2094937028504744238
2094937174714032490
2094937325465661836
2094938355415003359
2094944884574630017
2094945865685234158
2094947225872793833
2094948602703413373
2094950853606052057
2094951307803021428
2094952444409135498
2094952687238316294
2094952753567023127
2094953675974209755
2094954307665715686
2094955478111453580
2094956211728720166
2094956793747177714
2094957221214126082
2094959078686462086
2094959323189272805
2094960630612541621
2094962863786062100
2094964853492326896
2094968219190567073
2094969089051758964
2094972416917127380
2094974662715322476
2094975322902958472
2094976530526941656
2094978003847487592
2094978014526222723
2094978194084368481
2094978472544182723
2094978532896030840
2094980103151190484
2094984044136067218
2094987417987997703
2094989766244671509
2094990874887209010
2094994760817660396
2094995025935396921
2094997007890829790
2094997886903693430
2095002633467564512
2095004172445753490
2095008126915235867
2095008583062626534
2095009260799140053
2095009602660098551
2095009856621044224
2095104040807878659
2095104458539593818
2095105086234018237
2095107185885810718
2095107382623817957
2095109230843813898
2095109422083113393
2095109939458916575
2095110568642331028
2095110905478385702
2095112164394828184
2095115498648121710
2095115531711844641
2095119565038481446
2095120427597074519
2095120436489011260
2095121780125892718
2095126409098236210
2095127853436400098
2095129087559848267
2095129553546907758
2095131400089326031
2095132173535768972
2095132837267595343
2095133103056470414
2095133490295488986
2095133780692304267
2095134296528822548
2095134853532393867
2095135295855284411
2095135415564927105
2095136434801758503
2095136465223118991
2095136510504817140
2095136585461248192
2095138094034944335
2095138249169625475
2095139409620340988
2095139943769133094
2095140400801435656
2095140457164517533
2095140831954936142
2095141078017937818
2095141134397751422
2095142199692517378
2095142341182964008
2095142682049778132
2095143836263530646
2095143935064613114
2095144474242437406
2095144695894593676
2095145095997612096
2095145342878597286
2095145791723643178
2095146206548684885
2095146694019301484
2095148442028761315
2095148632026546220
2095148652872245747
2095148986839466107
2095149754376167898
2095150422688194885
2095150522764308712
2095150595921289296
2095150690142151140
2095151400502084043
2095151504743129374
2095151594585088078
2095152379729682640
2095153173501481459
2095153330058301664
2095153591208104036
2095153695620997548
2095153711035158618
2095153814857032133
2095153862353306008
2095154165047525445
2095154211621327355
2095154241962733674
2095154865294983465
2095155080890896490
2095155175048520072
2095155669712179481
2095156108440580127
2095156173536153640
2095156429388652750
2095156709417205888
2095157094349672828
2095157299954565477
2095157302072414555
2095157439544893714
2095157665596858397
2095157671452123458
2095157687268802960
2095157906471551083
2095158181009740079
2095158373515739215
2095159081304543528
2095159195800932526
2095159340529295856
2095159739055243392
2095159880206242263
2095159880218726574
2095160065808367948
2095160683767751158
2095161164950905228
2095161579633258715
2095161579905954303
2095161785292853545
2095162245562990795
2095162857226645957
2095163013217067125
2095163126677131319
2095163227717996645
2095163768258871471
2095164205406048741
2095164250910052561
2095164321173016616
2095164546243502171
2095164550882500679
2095164850049589489
2095164856965951936
2095164914797011191
2095164938960371717
2095165589568299101
2095165777250771449
2095166138007072936
2095166679370080720
2095166774652158172
2095166807992680915
2095166918554517833
2095167086309814455
2095167092932706692
2095167100314612077
2095167717976293671
2095167885458980954
2095167938038796731
2095169011990266095
2095169039001592194
2095169107893043353
2095169453063282919
2095169813739983026
2095169944707092747
2095170198395355633
2095170617452470511
2095170645529112578
2095171099650638257
2095172396185747632
2095172749111054769
2095175250681958554
2095176751680835736
2095180310719713299
2095188695598919974
2095193092861120687
2095200337892127005
2095202635418681682
2095202639268946008
2095208061191213218
2095208369506107865
2095209524411953368
2095212609549238355
2095212809982214195
2095213864598344051
2095214897642578332
2095216808743870925
2095217892925030416
2095218932219101357
2095219296448151591
2095219483027603835
2095220814958223388
2095220979345568077
2095224259186442335
2095224291226722645
2095226527982190882
2095227283376087356
2095227782120776084
2095228195092005232
2095229698682896888
2095231782044016700
2095233822388293800
2095235185763614981
2095237243828891744
2095237943480684993
2095238589613486238
2095238989892435982
2095241041972539673
2095241185732567133
2095241245895364778
2095247054712852749
2095249499409035637
2095249895754006567
2095256846361620951
2095257232401158309
2095257877841850425
2095260448090145017
2095261575326085186
2095261950699515974
2095262089619075313
2095262305370198293
2095262927058071711
2095263907895967837
2095264763773120644
2095264889346408942
2095265331245625515
2095267381157179742
2095267507510841599
2095267790634492037
2095267838978113596
2095267848046116922
2095270280755134717
2095272173547966645
2095273533056090258
2095273553037799819
2095274856040280071
2095275036705714627
2095277810080231741
2095278588694036711
2095279628126433593
2095280051252040090
2095281377734451397
2095281728830996780
2095282300254650773
2095283004885303723
2095283738598887805
2095284646225334500
2095285212888338454
2095287353954750503
2095287555159740913
2095287622478233920
2095287692699300235
2095288040117698666
2095288240710316060
2095289430244245960
2095289590479306932
2095290146526466324
2095290262742262136
2095290560122667391
2095291383485514106
2095291392574574830
2095291393048498467
2095291452536267070
2095293024305549785
2095293047256809498
2095293118820110480
2095293146334990784
2095293695050268951
2095294725423063126
2095295240168960068
2095295796434350363
2095296174739595731
2095296437256917075
2095296955681292469
2095297044692816146
2095298885355028609
2095299290017001705
2095300443270205845
2095301496371875895
2095303910076698984
2095304073851601242
2095305753556844912
2095306261029900331
2095307007867719906
2095307939833647492
2095308214124355854
2095308916255277165
2095311638299549987
2095311690346967504
2095311747561169162
2095312181214556180
2095312254031822857
2095312865833971754
2095313166687199379
2095313372057047242
2095313375311843526
2095313769672896688
2095313983246868900
2095314232791179357
2095314258674241649
2095314309836406898
2095314613843714282
2095314710866317409
2095314863056736488
2095315709286924417
2095315975528714502
2095316107166904521
2095316238708670576
2095316271583658087
2095316305691763101
2095316339925606828
2095316560998998184
2095316622441333083
2095317360680870219
2095317979915301077
2095319413587144989
2095319964408324242
2095320222857089148
2095320781731373368
2095321789937152037
2095321866609057913
2095321878554456095
2095321895985992052
2095322180212937170
2095322298714603891
2095322836596334970
2095322850160730411
2095323386159231211
2095323721552597336
2095323789617692905
2095323919045566622
2095323934161801511
2095324179507638542
2095324950059995558
2095325077818548683
2095325175684248057
2095326246888767644
2095326672887152968
2095326921999433775
2095327395616100686
2095327635417035105
2095328222531490257
2095328476471419338
2095328993381879848
2095329262383268020
2095329309992882209
2095329838546481276
2095329869512978869
2095329947267022910
2095330375643906398
2095330728154198392
2095330829572464777
2095330850900463750
2095331345375301871
2095331952563810455
2095333092151959970
2095333734379581808
2095333951359340799
2095334049338269743
2095334434685767834
2095335678724677800
2095337327606239408
2095337440428916806
2095340092575383590
2095340304366760231
2095342358078390287
2095342369788887528
2095342634977903046
2095342871851250105
2095343680403984390
2095343855176445971
2095343895982817602
2095345002930917789
2095345164189364437
2095345676041285734
2095347272661729771
2095347348729737242
2095347448411484556
2095348556987314661
2095349553641795727
2095349928730005555
2095350099274617221
2095351129173274909
2095352285874299310
2095352408687681734
2095352629844922781
2095353255035343023
2095354134090186860
2095356683190981082
2095357419576496588
2095357953926631751
2095360421129556191
2095361154126086328
2095361739122467158
2095361868458037544
2095362325704327219
2095362538099577138
2095362586908717120
2095363383469969637
2095363418039419091
2095366657090707642
2095366933063385300
2095367045944598675
2095367187678535818
2095368054750208365
2095368691114180716
2095369032656462226
2095370384258314350
2095370442773066124
2095371807826100640
2095371962302259215
2095372468701548614
2095372562532319653
2095372703410639024
2095374353034539271
2095375230533353495
2095375296908099825
2095376077338169702
2095376130794549540
2095380209721581993
2095380864389599645
2095391341484339458
2095391858004287993
2095407103561084989
2095410198319939610
2095436650398552084
2095451737947775116
2095452062351835438
2095452467991392541
2095453859183198336
2095455487013654932
2095459977611661555
2095460152476377485
2095466410751230069
2095466957994668212
2095467340016078964
2095467420299174168
2095467476351852593
2095467611035226284
2095468196023153067
2095468777697607811
2095468942403793356
2095469063711457582
2095469558274445786
2095469633079841069
2095470377656795574
2095470406790475985
2095471120593867075
2095472456970506484
2095473295067898142
2095474450934231477
2095474487827538267
2095481358936068182
2095484741189288322
2095488992103874929
2095489054930325946
2095489898576859181
2095490019058192540
2095490657976725540
2095490756467126530
2095490771302375431
2095491189793575090
2095494054402240558
2095494851219390886
2095497249757221025
2095497999044530526
2095498991194505558
2095501131871092737
2095502437096345994
2095502654994633060
2095504812934680641
2095505877541302308
2095507266757710041
2095508136555655363
2095508297344295167
2095508643164692677
2095509580063109406
2095509762762768474
2095509982317883399
2095510091956900244
2095510292578922914
2095510323163746684
2095510335792861372
2095511202956738651
2095511598790025416
2095511838754488816
2095512081445400973
2095512144276238818
2095512144368599203
2095512320055132200
2095512912068563371
2095513916579156224
2095514472467100100
2095515045257978118
2095515161276895337
2095515544963149887
2095516644076314872
2095517662457532854
2095518295059202312
2095518490652266911
2095518995394748586
2095519415659847802
2095519685492298006
2095521095344390385
2095521125899944099
2095521135811014823
2095522274514186373
2095522758117470599
2095522873569878343
2095522900610535898
2095523493613883640
2095523921109860811
2095524723127992591
2095524887523684818
2095525533551354366
2095525599754191021
2095525645539266898
2095526324223775151
2095526648263115098
2095526824188998139
2095527239320555848
2095527367158403419
2095527417313984878
2095527901491872185
2095528284880605245
2095528598794875166
2095528803824984365
2095529003650105782
2095529524603638253
2095529721966514466
2095529769571868910
2095529773141282952
2095529775041265746
2095529777142649273
2095529794305691890
2095530178277450104
2095530192240296154
2095530501796716870
2095530742939857033
2095530900104663202
2095531005268443475
2095531281882779651
2095531317601489174
2095531360463024603
2095531498086494524
2095531904543941063
2095532172740370748
2095533267747303707
2095533517262205227
2095534366176788780
2095534585475948917
2095536672112779748
2095536993560117505
2095537041119252644
2095539141920338194
2095539142721429994
2095541372958671002
2095541601334337957
2095542131842597131
2095544428563706155
2095544547983958236
2095545122351948111
2095545735445881272
2095545854417346957
2095547115309040095
2095549149584265248
2095549623448281200
2095551117350392271
2095551138833527282
2095551637561434350
2095552368666357923
2095552591295873473
2095553335663141214
2095553483369852963
2095553782012592203
2095553897649569999
2095553957393277155
2095555665066349035
2095555985964179537
2095556299563876572
2095557001375813763
2095557332339998938
2095557394298179708
2095558715810156786
2095559441357648369
2095559663727038959
2095560410099241390
2095561101106729388
2095561475112706238
2095561710405063058
2095561838914130182
2095561888532684895
2095562145064800645
2095562158327164928
2095562175314120839
2095562850735378475
2095563067929088232
2095563496972747098
2095563876058181913
2095564075824558449
2095564417756717449
2095564983492923853
2095565087243157677
2095565235830636800
2095565466555072989
2095567448455967069
2095567533646471504
2095567679688266064
2095567775620084137
2095569373326897643
2095569531586367811
2095569607838839043
2095570024136142990
2095570439883928002
2095571190630748585
2095571534735679517
2095571743817785838
2095571920850694283
2095572011384820008
2095572027486720207
2095572087633023154
2095572239412338905
2095572445482594657
2095572538076156122
2095572587875017125
2095572651486126103
2095572947398181005
2095573006231703690
2095573581644104189
2095573813710737737
2095574756502241669
2095575087176974807
2095575192663699776
2095575305578582263
2095575776796062059
2095576250009968903
2095576294079467739
2095576336970449147
2095576703812739219
2095577063591686314
2095577192331649164
2095577262435307840
2095577387794665736
2095577447395700807
2095577799314588043
2095578429550686520
2095578726373232677
2095579574268789105
2095579619856457907
2095579728061100194
2095580085193433226
2095580313229406427
2095580919868338614
2095580924658270686
2095581058997666258
2095581243228258321
2095581340485784025
2095581401705754848
2095581806321860612
2095581953952981026
2095582757930070221
2095583317160546810
2095583917751611420
2095584882130837527
2095586327450517662
2095587289955184660
2095587980547121424
2095590981714272341
2095591018674655710
2095591377371574704
2095591527858720849
2095592609779511653
2095592652741689735
2095595779129843922
2095595926744162679
2095599887148847190
2095600494123110429
2095600819693314248
2095601042188632123
2095601355024891962
2095602601458897237
2095603314968637646
2095603416017903810
2095604059654750465
2095604648925122784
2095605284462899651
2095605373033975935
2095606038959391202
2095606098807914566
2095606447241613384
2095606734362395110
2095608254147780674
2095608354307461130
2095608390999326871
2095608605445910684
2095609028667719904
2095609134158647640
2095609219995087107
2095609396122321300
2095609622480429196
2095609972671270982
2095610207552348271
2095610281615581625
2095610317527007740
2095610420761387349
2095610835280253366
2095611069523767304
2095611516141642238
2095612366448701804
2095612456588472763
2095612797300142253
2095613568011894972
2095613814922436719
2095614019897827585
2095614538108289273
2095615310036344849
2095615417884537300
2095615467939299718
2095615952360509822
2095616018877976882
2095616053061509247
2095616098494534139
2095616329009029524
2095616334893580597
2095616360927859186
2095616365100925263
2095616434416046175
2095616514691072217
2095616949308780755
2095617832092577853
2095617837058670910
2095618287308591327
2095618308351365498
2095618382213029931
2095618652556988455
2095618994027848064
2095619450753913060
2095619630802829405
2095619950652031290
2095620276331360338
2095620369340084348
2095620771670540698
2095620906097803598
2095621422437548166
2095622016292319732
2095622093165449542
2095622437907886204
2095622921213342098
2095623215506772310
2095623292992307395
2095623689207484789
2095623815980351506
2095624613128458411
2095625273891057969
2095625585745694836
2095625905066439018
2095625943310062010
2095626396605247848
2095626924316148109
2095627556988809537
2095628015237562394
2095628093821984835
2095629140950929784
2095630169310409186
2095630217205199310
2095630308565500126
2095630532872728987
2095630871424336229
2095630953670439205
2095631069076934913
2095631083421282697
2095631556459000148
2095632931091800079
2095633654294720904
2095633989247566080
2095634132554703217
2095634324611596307
2095634527318159768
2095634567814144279
2095634599791505775
2095634836627091506
2095634837449113611
2095635410365874236
2095636302251073559
2095636694280114452
2095637146199626079
2095637631681921051
2095637726703886575
2095637761944432994
2095637841422197044
2095637927145386165
2095638574221717506
2095639333403328859
2095640047387115717
2095640050155290674
2095640205013160175
2095640562527293876
2095640638293254303
2095641676463120616
2095641712173412426
2095641806931099806
2095642091409809568
2095642228001513559
2095644373417390111
2095644758236352552
2095644805153915137
2095645118824935759
2095645571138687235
2095646165748555820
2095646288565969247
2095646336410333584
2095647001064923534
2095647014318903699
2095647108355264518
2095647251016151544
2095647286852284432
2095647397892231587
2095647499360870762
2095647643590361295
2095647681834037711
2095647879939420433
2095647921253564509
2095647942845624697
2095648106918412625
2095648405347303796
2095648617771991463
2095648807383871546
2095648825381687638
2095648826128265478
2095649120228614235
2095649155150430453
2095650428784349470
2095650698251637164
2095650886999535791
2095650891764322813
2095651637918347709
2095651929640538219
2095652433439469608
2095652463546081568
2095652662218039515
2095652789267341442
2095653206202233077
2095653290734194717
2095653751377846486
2095653851055440070
2095654153284448413
2095654219386683631
2095654335891878283
2095654388974882842
2095654397791383872
2095654398122737915
2095655202208535011
2095655304012661123
2095655853554901412
2095655870721888652
2095656024787001499
2095656195105112203
2095658135172108560
2095658613628899768
2095659529312596402
2095662029814026335
2095663133138563367
2095663135440974207
2095663236213244262
2095663359102230626
2095663880806502483
2095664299741962420
2095665202788520303
2095666541232537678
2095667164170629570
2095667165902819815
2095668114226643137
2095668727945499032
2095668861790040093
2095668879640936801
2095668965091500346
2095669294336032977
2095669525303750825
2095670086220587265
2095670829681889485
2095670931066683885
2095671043205497094
2095672139923734885
2095672153798476110
2095672224317395199
2095673215473394158
2095673224000426232
2095673394649772506
2095673407887093920
2095673553521606796
2095674453896069533
2095674655428259950
2095674810181235183
2095676378741871072
2095676447515959574
2095677098119549109
2095677307650265566
2095678034925781331
2095678151846195274
2095678229306593604
2095678306007863683
2095678652880941472
2095678654483238940
2095678702323458225
2095678958737981684
2095679015944180079
2095679186266628503
2095679300641103944
2095679391854469226
2095679523199091054
2095680124733575647
2095680176499659105
2095680548123574781
2095680875056800119
2095681346030932378
2095681367627399507
2095681446463615173
2095681602474987855
2095681752182423771
2095681821321101665
2095682231255642213
2095682268530348344
2095682874846384252
2095683364170731709
2095683818732605720
2095683877968683122
2095684394145010061
2095684413224788300
2095685811261874371
2095685950915362928
2095686114069614918
2095687073525100560
2095689408448012769
2095689792100892765
2095690159584911407
2095692358369124667
2095692550065496386
2095692915859165628
2095693330063532459
2095693351202759131
2095693595864924653
2095694682957177113
2095695674004082810
2095697103150526772
2095697564016226455
2095698638315893092
2095699181046296703
2095699655367471414
2095700640479469608
2095701225530335697
2095701716498821154
2095701901257867671
2095705269296607637
2095705487979270249
2095706280178418111
2095706473233862786
2095706989061910995
2095707280830304632
2095707334949380116
2095707401483653445
2095707409717047789
2095707524859117900
2095707547625800112
2095707853235376505
2095708818063704340
2095708824573231378
2095709193873268881
2095709589236773270
2095709769793146887
2095710607789953365
2095710739021385732
2095711670601396591
2095711898939408432
2095712387353518187
2095713924347768915
2095714412485083545
2095715118092779681
2095715262318162332
2095717700953661825
2095718304874741805
2095718482780291334
2095719619881230576
2095720106986762537
2095720728284770492
2095721892694950035
2095722101718016033
2095722331997962483
2095723670123471284
2095723865502572709
2095724320664301791
2095724856817975562
2095725393198141804
2095727361350090968
2095727502316450249
2095729131669647694
2095730180358557958
2095730214277890518
2095730952324382852
2095731077167899103
2095731133912645913
2095731556560114112
2095732562144411849
2095733312400629802
2095733340716331519
2095733789263564879
2095734246501437653
2095734529642164597
2095734667034943694
2095734946887323996
2095736558997352848
2095736778451800245
2095737833155641456
2095738136131166437
2095753844063895972
2095754237644832796
2095767933435666526
2095769425261535233
2095803478756975053
2095814137179947478
2095814786831339842
2095818812243251523
2095825448512995660
2095827057414418833
2095828097966731542
2095828930846405014
2095829347298914762
2095829533215592685
2095829817555910971
2095829825625739421
2095829847503233089
2095829955678536046
2095829979338862780
2095830022439219274
2095830198977454134
2095832974579089906
2095833149745807404
2095833167269707783
2095833276514472042
2095838161687433405
2095838280784789678
2095840798298321326
2095841468585787423
2095841819888161139
2095843861545267574
2095844449637085571
2095845615666131268
2095846225262133464
2095850131933286535
2095851877095072067
2095851878814753073
2095853052389687769
2095853894240751741
2095853968660291967
2095854032212382018
2095854581854974058
2095855834118955478
2095856154857390138
2095856474006196422
2095856886952198191
2095858963430474213
2095859661253775747
2095860165035610360
2095863577315860665
2095864486783811667
2095864823774953607
2095865141166276969
2095865365414756726
2095865477826269402
2095865724996624819
2095865725202161723
2095865881989468338
2095866107026448585
2095866165851566378
2095866209690378725
2095866356503577056
2095866583914528856
2095866803914182758
2095866817075917186
2095867679982698918
2095868266036007278
2095868396998988276
2095868414195556570
2095869007182078154
2095870377482174788
2095870412353671239
2095871376532062462
2095871618664763795
2095871887440011382
2095872535606755395
2095873231425073173
2095873252979572965
2095873390322102273
2095873420827193720
2095873813036622180
2095874082923241583
2095874306827842033
2095874915853353138
2095875394696085768
2095875403525116025
2095875405706125650
2095875853003505756
2095876006854709313
2095876426368975334
2095876576512475417
2095877469978898761
2095877581648335247
2095878043520618614
2095878163599429786
2095878205227856112
2095878208965013759
2095878718187065793
2095879442761445763
2095879738581491984
2095879775835308493
2095879999706353781
2095880074658558282
2095880184457044395
2095880718526067176
2095881032327155795
2095881369415020815
2095882074750124099
2095882576615338209
2095882723583734077
2095882854395687185
2095882875790868735
2095882890282221814
2095883486569566284
2095883517947232407
2095883695810818545
2095883775674634440
2095883817194045838
2095883958160339200
2095884218731569660
2095884279238554033
2095884983151775874
2095884988956708907
2095885000474350041
2095885129591775711
2095885140010393826
2095885808918040766
2095885847212302552
2095886073524081051
2095886312628756573
2095886372036915551
2095886396187725994
2095886492002324631
2095886596084056326
2095886667445944745
2095886926129569944
2095887044199260349
2095887121991053784
2095887124968980813
2095887136243257529
2095887157529326027
2095887176693100570
2095887218871042522
2095887291587707275
2095887555451347136
2095887798100283436
2095887821563150794
2095888019441975312
2095888215982911587
2095888253521912155
2095888306957332695
2095888481562091774
2095888631374266380
2095888907627852007
2095888954763444547
2095889067988627554
2095889555199062486
2095889681745351070
2095889779535532384
2095889850855534752
2095889882463813738
2095889924285239804
2095890349365289292
2095890828317057436
2095905912040898672
2095937598006898791
2095936063093002390
2095932771478765992
2095912956584182112
2095912960291942519
2095919433025823217
2095908867204841543
2095905340512444455
2095901788184494536
2095930756690243787
2095930760557404461
2095900796986572963
2095931610008822023
2095898100074258692
2095905951928713220
2095907429481431310
2095882382540771411
2095934926541766668
2095932403592392934
2095927370834432118
2095918781042188747
2095903000430588124
2095902855492243764
2095895200824455263
2095935751561027817
2095932356490141886
2095939781373120717
2095923684124872869
2095901062037172360
2095894534546718843
2095895744129442135
2095894164474884529
2095926495667511683
2095923398266290464
2095919797452062809
2095919516156854617
2095916681876893909
2095891740708225302
2095939091976126857
2095935728714764320
2095931429104349663
2095927829833580599
2095908933407764875
2095906359770275994
2095928234281980378
2095923968146346066
2095919731760918684
2095934566410166482
2095908001211179341
2095922214268756387
2095913902647226596
2095937862059397528
2095907285495066810
2095935121442672900
2095932107742703906
2095931427892154671
2095934773684314573
2095850718825504954
2095853994803400904
2095921280268611992
2095918653703094526
2095937037325291967
2095906238135402496
2095934841610973418
2095934877040288011
2095913509372477496
2095933814425968856
2095897173607002143
2095918463927665110
2095909154158223428
2095900115961618639
2095934644348727441
2095892323024384504
2095891319814066547
2095938435727167567
2095932168467812734
2095928430168576394
2095932713500897611
2095932558122914203
2095939843616637224
2095927611247485337
2095917848883245237
2095940233703428328
2095935642421043595
2095933875889267197
2095911270582980936
2095907373932011674
2095905646067491191
2095933753785012439
2095910884803510482
2095893877215375470
2095939941679128974
2095930299209154730
2095925916765442092
2095899636284178874
2095932389566345584
2095919655168663602
2095910406057247193
2095914318172651782
2095912793585103066
2095912239941267582
2095897373218152471
2095923517019602958
2095925584823992332
2095925858967900471
2095939608152256865
2095937117855654292
2095934194006274557
2095934927585849556
2095934360159469690
2095929608751157549
2095935407737241613
2095932723156091197
2095931382136529082
2095924504564285474
2095939234402115701
2095934142386942395
2095932118190751888
2095930340615356484
2095920375888544091
2095909255010263539
2095926587979895060
2095904984353153194
2095934912654196968
2095926320194605202
2095925081465651423
2095935337759752619
2095920704503869692
2095916569884815645
2095926679818416620
2095921385105133674
2095940751418880426
2095936949533938053
2095936528249696545
2095929017702515155
2095935748297908456
2095927848607363216
2095920828684583188
2095941065018622185
2095938204402581847
2095936128079556969
2095937614826062297
2095934242043605193
2095930873287672226
2095935765796495482
2095927823076565486
2095920916408463430
2095940118792081891
2095929623645401351
2095929231238684783
2095964275219312846
2095977250336264199
2095962263119155394
2095961940249944204
2095952611803369773
2095952636742660335
2095975514858995867
2095977065631948904
2095960508532719733
2095978319258714179
2095977001127457172
2095977005422436678
2095968719704924231
2095978449538318808
2095935079461634139
2095935082296954914
2095976500847632876
2095972670122639613
2095969776631750980
2095957193698771375
2095956696292118965
2095972808127897672
2095960776700047663
2095977934058144101
2095969995083665899
2095967276193239289
2095960218869911581
2095967112095223810
2095948341880246392
2095941587809312788
2095940388590645395
2095976710864802281
2095969106138697834
2095969042439733331
2095971840615121192
2095965563226845228
2095955686626627749
2095968238056476740
2095946462110580966
2095944132829278552
2095969473706520638
2095961341898981424
2095978756728934823
2095950536763711937
2095976226368229664
2095973499365945744
2095972777765282001
2095967532137992570
2095967095741985066
2095940182679683516
2095975579019313575
2095963968346980766
2095975810171642055
2095966691192607142
2095966705805639706
2095949821668434393
2095968264291557868
2095976897834303738
2095979004285140992
2095975942917181499
2095960995910791581
2095970590943535282
2095970638154400103
2095978445557698721
2095958074024464628
2095957177554882965
2095871329878593566
2095897994620964927
2095923383061950596
2095968906649260357
2095976761997591020
2095974330563703238
2095967280911811045
2095960549938925784
2095978903408128376
2095971160412528715
2095965486152368234
2095957527124988114
2095953025693020416
2095952145040220556
2095952787544944843
2095967030339870972
2095965918140482036
2095964953442160972
2095967132441883126
2095970656512823411
2095965124712611918
2095964120159777022
2095960992488509704
2095946539915001915
2095979978022105443
2095976164380590344
2095961403370713125
2095980220625174819
2095966857853284391
2095966039242686480
2095955438114152633
2095974050669428811
2095965859311145194
2095964460221346263
2095974389019705578
2095966828925169852
2095966071845015700
2095979292106842218
2095975366955311417
2095968994012348760
2095967134698377346
2095963428963639338
2095959433142493270
2095980391303655437
2095980225452814829
2095950931170894048
2095950580095070375
2095949870838526166
2095966443380605225
2095943121997643777
2095967580561539211
2095967646416064575
2095971529846579299
2095968267852513481
2095965899450720260
2095977993550115255
2095974055329370421
2095967564329304459
2095962193443303665
2095959183577289194
2095955528434250062
2095975337569952145
2095965778138792229
2095952881526477127
2095972921520926902
2095960605198885050
2095980150483534298
2095980032766455836
2095970980523073775
2095999709810917477
2095998228483244251
2095998234153865586
2095993964679553467
2095991543408542107
2095990909074628639
2095986155128824033
2095986157939044425
2095991486051484051
2095979233676079482
2095976622193058219
2095992336379416799
2096002872181764594
2096001884674801735
2096001757813899588
2095997827654521124
2095993980378869769
2095986612098179565
2095992259623719020
2095999165029613843
2095999892242026974
2095981484750377156
2096006764386783300
2096003028771836155
2095995930197516335
2096003647607873697
2095998952617206138
2095993536541835285
2095987792912191734
2096003775114948670
2095942355190677544
2095995854997840338
2095990157635973261
2096002474616217903
2095997892657901890
2096004777196839020
2095998063076590075
2095997771673108714
2095999814240539046
2095983577796108553
2095953494016434413
2095989780479709290
2095985257078018234
2096007293674406220
2095986875043340458
2095984994837577755
2095981142063124867
2095984997932904784
2096007445017514397
2096004521403040197
2096006998164697395
2096002291685859787
2095998187341267403
2095991351070302211
2095993666426826962
2096007674110398492
2096003558445326748
2096003562555797706
2096006731687919743
2096008320507330829
2096003842953318769
2095998267792269733
2095991911471292874
2095987299112616139
2095997743340654889
2096005489725186553
2096001889900929151
2095996975065735490
2096008479236395316
2096002616522326022
2096001587676090506
2095995323525083242
2096007821250748908
2096006765116579888
2096005879174668604
2095981264427720891
2095999627497480578
2095998194786107767
2095983516181811307
2096008587860426837
2095990098839867490
2096002869501604243
2095983068674761128
2096001847928467531
2095995929052516859
2095986622760210776
2096005090507096220
2096003994841665740
2096003078746996992
2096005115136160034
2096003242769391668
2096001798746079731
2096003904886505628
2096000960426279025
2096000866134167640
2096025152538448118
2096028343422357838
2096025876278231040
2096024945742500036
2096017885764399540
2096017990756045287
2096030258214453658
2096013657297633422
2096023208319189375
2096018616848101709
2096018606190428627
2096019686005621094
2096018666651275420
2096018562011779458
2096015477138956356
2096011319300305334
2096010785449279660
2096021929660440840
2096029418732826983
2096026023015989630
2096021857489092723
2096013013107023926
2096007592413639035
2096020023651319827
2096028520573252009
2096028877306949954
2096024894429597899
2096030550477963347
2096025874554388609
2096025526502654063
2096015447447437685
2096010652691144709
2096025645595701345
2096014588365959607
2095990809879249121
2096011361218163054
2096011372949614715
2096033084990746799
2096025379232186512
2096016719152050379
2096026757023306027
2096001232582144448
2096026262137373059
2096024868672196963
2096016330730164580
2096018905550426427
2096009354407227687
2096019475770290497
2096030233862259128
2096027078005084449
2096023054363062673
2096033068259639801
2096028607797776625
2096027131268489260
2096032016177242623
2096030791218151615
2096029544104788480
2096019486700613634
2096015583615525184
2096026712622629311
2096013889767170525
2096010405709500918
2096033397797732453
2096029266668331406
2096015181218193508
2096032060439699495
2096029497443119463
2096026025536704937
2096014270181896460
2096020772598820999
2096033864422511088
2096031866398671359
2096019774144704654
2096022720903360704
2096022618503569660
2096022508906430836
2096061648674955361
2096061217718624611
2096053961539133944
2096061897804067246
2096057027223040228
2096067563599822886
2096052315283222634
2096051797731217816
2096060200591495532
2096065140097421660
2096063536208261211
2096033210937352204
2096097579935141952
2096093632516202781
2096090037943173520
2096066454059651187
2095367193672167901
2096085306285912349
2096077311346901226
2096084635558060481
2096080882062823593
2096076027382411453
2096071214275936589
2096051465596870806
2096082310516891704
2096081868718281197
2096081536349094398
2096041896837579136
2096048786984321216
2096047845027586223
2096045214473363747
2096045014937694318
2096066386892108022
2096050512260907486
2096055719921602629
2096048168777424940
2096040929010360457
2096066488415191507
2096045404886315127
2096098899333095701
2096095981674619169
2096069955758272644
2096067401179615252
2096057469541695927
2096053910284714018
2096037551178207651
2096056199045140574
2096042974035444045
2096051754022384031
2096093520687763733
2096089739824615490
2096084711487533291
2096063014466167214
2096057584314663417
2096055717396639887
2096083565649789064
2096074145276551524
2096061725627851031
2096093121478025709
2096086036468175209
2096081362780393954
2096070854601773248
2096069458993267032
2096065158845988868
2096069334556708866
2096085713829704041
2096051087576855004
2096071212166217916
2096063551181861339
2096056119562997992
2096058788612567260
2096043366387437883
2096041147487391864
2096061175150555584
2096040929903657233
2096040882327671251
2096100075650920724
2096062677449625704
2096048024015282533
2096152473845059968
2096151368452940115
2096146501961445384
2096052032020914286
2096103381374750851
2096100848585617723
2096104715574501583
2096131219344015584
2096116366235554046
2096131719145353268
2096116541095862680
2096119240369615101
2096109682687344699
2096208688629334452
2096206746146492775
2096206318960837076
2096208097479897496
2096207289300480441
2096202684680360029
2096201677871165624
2096194779176431727
2096209034030239834
2096208784737657089
2096199829315620945
2096204639922258145
2096201791155167730
2096199196948721872
2096185320383615425
2096204425719128100
2096202866654408931
2096206883262501087
2096176516438663191
2096161419419091354
2096200715433652441
2096200522764067161
2096192131698155860
2096177069625315618
2096209689449030043
2096207035624800615
2096202669396283622
2096203057608437804
2096195366668435602
2096246761996116247
2095982317936181299
2096254767878058290
2096254609190694950
2096254416818982944
2096240786169835696
2096240787923034325
2096212492879876137
2096252013025566767
2096253411683369465
2096251694434734393
2096245064192164209
2096237009568186638
2096229439721931187
2096222348965789703
2096215844548153410
2096227854488904024
2096248387637072246
2096241470374048189
2096237743500050525
2096252702963507455
2096247099390071194
2096229637705572386
2096222786188407286
2096254526873325989
2096252010261827901
2096246664394588402
2096245346556915781
2096250348763533730
2096213684540334531
2096254286137078126
2096244235007586792
2096232340934541718
2096251057244381562
2096237902506201480
2096252092151107972
2096249742841856188
2096247973617217675
2096227350153163033
2096239623932436857
2096243798590234804
2096255018819076530
2095989782941782322
2096255044358160833
2096252165874434288
2096251812101702117
2096257523196023110
2096253475495551402
2096247281993257025
2096242200552026213
2096241515848692222
2096241240819818605
2096241954497368398
2096253771399479567
2096252012555870397
2096249377673163089
2096240937361944655
2096227528998269206
2096257589222801586
2096251293152989677
2096248730684887196
2096253009625809026
2096230515640557697
2096254384552206500
2096248408176533546
2096237781123035248
2096253266958946677
2096248918048677978
2096241324139655662
2096251743440920863
2096253042559451565
2096241551030558735
2096236252609552857
2096236212755292200
2096236095629316482
2096240388004589781
2096240249227673771
2096240176364159238
2096263124059820343
2096269626137055672
2096276374998638714
2096283242739515532
2096242672277029174
2096282208738906545
2096274205150990697
2096267356393672841
2096283250037801177
2096278104893202778
2096272991898243299
2096268434875040010
2096266862199771590
2096266564286771650
2096287004912918947
2096283368648237531
2096281812662206515
2096287107174051936
2096282973750415784
2096278647980057022
2096268125767430328
2096278572964954334
2096268418294956338
2096261586931286212
2096284858930614354
2096240578031734930
2096284037249634659
2096264206236446882
2096265666344960386
2096279962743398695
2096270795165122562
2096263821803376811
2096288535405887880
2096288168194552278
2096264236900999439
2096286551290302762
2096268200346321113
2096270219538751659
2096269944635666606
2096286117804863885
2096281829485527178
2096277439735361648
2096287851566580129
2096285521366360376
2096278703764340855
2096263841763979724
2096278804498928107
2096271217481093529
2096268812022657203
2096263252078395831
2096289890270847407
2096281780626100233
2096277567992897719
2096283287903707191
2096257951614836955
2096282850903396720
2096271045527273629
2096259846144241826
2096271457886024020
2096270837519106416
2096270412212555911
2096277663677628421
2096276703303643642
2096275389026828410
2096272982393897174
2096280869375811952
2096275442600698260
2096268458916766118
2096311924438757738
2096311457809940545
2096309959684149266
2096292613636739469
2096292616308654111
2096303680081236421
2096303685403893987
2096303688033652884
2096306499555344638
2096303831613133266
2096316676849426455
2096312318598820020
2096304859234627889
2096290528346382440
2096270230393602554
2096311112958710107
2096307628221546903
2096303458852757899
2096306566790054084
2096301292847059340
2096291902307844101
2096313051582472327
2096307505219416396
2096306669793800383
2096316374775628123
2096289858121609452
2095949259707445294
2096294012038566082
2096292986779017627
2096307374352900124
2096303044061168100
2096285377568841748
2096292670024872302
2096290695396933999
2096309271147282842
2096301840354726289
2096295434322928007
2096311983872020601
2096296183035580473
2096294503065747595
2096318113436364976
2096292380362072264
2096312918849552559
2096298006916063245
2096293938365685829
2096317766391177470
2096315620375789926
2096309081547956379
2096316660676227564
2096316061133988145
2096315404003971254
2096315113359774174
2096293552414216276
2096311043504930890
2096293784820580708
2096291458697273437
2096316315434664113
2096307550752743520
2096305233861157001
2096313209204392178
2096295801584533661
2096299614823751684
2096291295530549691
2096346648943460392
2096338453981982951
2096337022730338734
2096344952577933483
2096344985981370602
2096337252083499209
2096318948652237103
2096334956125417576
2096324742596943958
2096348538657550764
2096346525009899526
2096334790333018584
2096331744488178150
2096334450078400851
2096331169239269403
2096337039968891337
2096347903149408407
2096345156131651951
2096344058335543741
2096348444193370259
2096333182102589777
2096341072586641447
2096335195053916541
2096327970805686704
2096336022699139280
2096330633798668643
2096340757342810310
2095946603227980277
2096323418245197830
2096330887793123356
2096342342940635295
2096324369840779758
2096265233404747790
2096312445094572193
2096338865934012516
2096344714832159222
2096338607317393637
2096335595995816429
2096319063244861753
2096339305652244544
2096331431651729624
2096331613349015584
2096348947950235697
2096348292896497910
2096344543633240241
2096341173954658532
2096332999864320416
2096347029572030819
2096345996984766938
2096345075596804169
2096331481383612564
2096325916976648598
2096346761074032961
2096349200686444800
2096343223966781647
2096339782028656667
2096335394929283550
2096347006960648202
2096350509716193691
2096338948318470426
2096328087336017947
2096332415425736937
2096332423348859068
2096336663349706852
2096332502931509386
2096324432071393535
2096324100713026015
2096326635498701058
2096374266107163089
2096372032057274628
2096362481069305900
2096373617130922051
2096362347933622395
2096366961089229033
2096362942535188976
2096360248999072190
2096375081920344156
2096369496969580906
2096372990451884187
2096359143275696595
2096350037160648789
2096370638868930706
2096367784368255472
2096367569707868419
2096373393641591160
2096369378849628336
2096358199649587468
2096361756671029345
2096356112635187631
2096361121963774371
2096354836019081294
2096359030428184983
2096373781518319899
2096353038084542695
2096369279331377615
2096359019510145212
2096352024895832125
2096373378219192718
2096372551177937160
2096366109989445900
2096372873417912491
2096369489071710594
2096354954671689832
2096363532996497562
2096361823591186570
2096358069634580725
2096351043067994187
2096365465341755839
2096365461709418857
2096358282738692154
2096374241335627899
2096372058292719976
2096363363685076998
2096359641382854937
2096362294628233393
2096360552675017033
2096373290486878500
2096361733098963236
2096369891750117549
2096399666426368184
2096377819248939255
2096398215025242362
2096390085004439781
2096389794863394832
2096380514017976349
2096380556200087672
2096389608674128052
2096385629428781254
2096395017199718680
2096377844146315599
2096387102074184030
2096383699650593266
2096390155850387678
2096384740987150580
2096382028803363253
2096381051484664018
2096395595141255643
2096391796804731073
2096388358217863368
2096394592673210636
2096383497166627277
2096388167519613125
2096377734591340707
2096376607376105536
2096403006258282911
2096398481812324541
2096393067020583122
2096399734051049473
2096385179908456463
2096391654823350596
2096378789894750554
2096397448809721925
2096391692341363113
2096381201262985346
2096398698628382761
2096335056705028407
2096350408121975041
2096403709928280273
2096402795704250748
2096402248192364762
2096402347169661234
2096399912770396296
2096391727930114319
2096385915102847051
2096403856645038138
2096396613166006608
2096398002722046132
2096376930207437275
2096404007925239878
2096401735417733443
2096396661002056097
2096403006346637515
2096391135090430336
2096399595177676825
2096399479884624009
2096391795789697321
2096402776947302785
2096389921808244844
2096398929071833392
2096394196630540602
2096391849195798901
2096378495408406970
2096470123221586146
2096460558451007570
2096459958099267631
2096408655465771425
2096422475085021312
2096432198165377365
2096409367721513276
2096443932724904235
2096435432099586300
2096416510554055007
2096358202463986141
2096474592776687974
2096468659568779479
2096411865869938856
2096437916402696467
2096427761963294967
2096423497224335710
2096440869268168816
2096429623877771299
2096425810278183272
2096403145546932288
2096409187014033414
2096410555862946150
2095935774784987442
2096437020700615028
2096428928223093177
2096444977270112486
2096404019254120654
2096430358782779550
2096430093232918844
2096424887711662203
2096419949006709052
2096444770188927196
2096440781980516396
2096469790533525604
2096439092099551390
2096404495420825864
2096467756442886509
2096415450187825374
2096415563564130768
2096422764143890692
2096416291766599992
2096408151268413884
2096415773543583798
2096407409405174022
2096460697584418971
2096445623733989695
2096441955571900419
2096440591127056519
2096424243621757089
2096422285309542415
2096420962199580803
2096460633818427644
2096419241012371657
2096440669279494275
2096433099118670324
2096433733519671711
2096422221933588501
2096410901439971553
2096426235588972600
2096418562470490467
2096413672352477441
2096449012413153710
2096533665769488740
2096532639008059705
2096519260583366669
2096480684567052289
2096486067570426255
2096501906181091391
2096535320841933066
2096586584774598664
2096577683391987885
2096574743625289783
2096572107190661172
2096569104387731670
2096576415684604313
2096569117796897009
2096582591855919189
2096575068306305188
2096568093115883995
2096586487613526390
2096566181318549946
2096578784690422218
2096573777496691182
2096581057801785856
2096577793278521757
2096575092071231982
2096569098935414829
2096587563192467861
2096560721156849950
2096550035357925821
2096358206578606385
2096587032717836657
2096580605513240961
2096587434943197281
2096587419717890141
2096436606718665175
2096584335528763680
2096576706693808564
2096569270108901735
2096565614131257698
2096587332639953281
2096587216805921267
2096585244367368642
2096577775356575791
2096485474286088423
2096585382347313494
2096584761405747590
2096571099190284733
2096588105633485191
2096576841356026312
2096566558013157877
2096583319903158772
2096583194581606486
2096583057679528384
2096623544289439748
2096605981501194287
2096620009934016920
2096619516276945058
2096614066424848612
2096608066280018219
2096608068620468686
2096628704570994822
2096634490273542393
2096629527468232909
2096595508051488911
2096631286706082269
2096621947119669664
2096621940412662094
2096630926063063097
2096611715311943683
2096627320345829460
2096623158111449531
2096611388852461870
2096607680206876915
2096622113595458029
2096618317754638363
2096611795863470434
2096627398263336983
2096624846109073726
2096619621797212313
2096628288869261338
2096619175934370250
2096623920468181358
2096630834216280430
2096627278209851865
2096607298038698106
2096606557702074775
2096617590172864610
2096620004481323340
2096591754157764946
2096629811401609590
2096621807486869788
2096620640916636094
2096630003454640541
2096625631706366116
2096635448550404468
2096634785389072754
2096627952456802471
2096627144893878678
2096623940542038083
2096618935869173847
2096614170477117882
2096634593076011052
2096624177562222745
2096624331157553656
2096599896102965267
2096635618457456853
2096629420924477548
2096627730464829529
2096632056134410638
2096628885832032406
2096627211168002350
2096607629837525153
2096628599944069349
2096629894620852294
2096619703762329819
2096626634212225134
2096607732044366229
2096630526119408076
2096626212386775151
2096625872069415196
2096616256820465935
2096632309977944213
2096622238472532231
2096610753251828059
2096619688105042078
2096618427410436410
2096604950864293993
2096599415288914356
2096599341163020499
2096619862697083002
2096619001379959295
2096617705470148771
2096621978484441368
2096650241390883292
2096645626616233991
2096645306167235027
2096643011245719853
2096643013543924159
2096643710272303596
2096641657617690625
2096657360987082841
2096659697059385555
2096652146586317122
2096644600173834330
2096657356029317379
2096642243876581501
2096613348536094875
2096666341239402666
2096664395065479613
2096662036390236424
2096659684375851212
2096663616552398871
2096651013201510612
2096645258780025086
2096647874851340358
2096658946207494153
2096646880750862572
2096665905333682528
2096663879497457664
2096650993463177424
2096655711006532077
2096661518465040814
2096655641108496873
2096652234691948621
2096664558836531435
2096639443247448511
2096646291484824027
2096665761829847250
2096657742379327505
2096646933469073529
2096655708620026034
2096652249321591090
2096664474396606542
2096655096444551623
2096645730098118969
2096661468099776546
2096663110715085251
2096649550656110815
2096640609821851656
2096663132429058227
2096659508323819787
2096653098672374169
2096665307871891902
2096664390267269540
2096648344101699597
2096660376632934423
2096659717728751932
2096654506675089820
2096654783595581909
2096637255737639406
2096667654115246315
2096665045589504077
2096662557004034434
2096644600333045765
2096653491213132182
2096649789916033516
2096641313009545584
2096667601841627427
2096660816233665002
2096656103761211740
2096662812953096516
2096660976833544316
2096663764271608119
2096660679914570010
2096656614178562459
2096636761753493817
2096663419290263742
2096651427212857521
2096642542536217066
2096695348689281460
2096681445796323644
2096670963668492446
2096683306150437144
2096690016818765839
2096696253144785048
2096677944282259783
2096668465578881098
2096687799097328090
2096677693722898862
2096675077609701655
2096697445954789557
2096689898426450192
2096682345705128167
2096682872505553162
2096671115116511448
2096700177839227040
2096675534281253364
2096666968019361895
2096699274314518543
2096688221228798051
2096683334264893740
2096667402771616032
2096699740624703789
2096695484735717880
2096692430158364989
2096695750411403386
2096694956148625444
2096684493637812496
2096698317182791922
2096693385671188846
2096684861713182977
2096670302885282033
2096696098953777550
2096700811480903694
2096671988177682535
2096697460626227563
2096678386714185816
2096700278393254124
2096695903125979577
2096680092399194206
2096687419273687237
2096683273346752600
2096672296068845577
2096672109317541981
2096668470020550894
2096697461683143102
2096689627818328154
2096687206593077630
2096671295484100951
2096700518621962552
2096697126130450512
2096689641252397463
2096699173768712418
2096697624434749658
2096695675857559883
2096669997665833056
2096700676881420349
2096695533712576775
2096691506429981109
2096694586986951105
2096701275215733063
2096695521792368825
2096690456331510255
2096684168629682273
2096683823819878573
2096695492553970031
2096693208931557523
2096675796551401845
2096701464206823856
2096690333505491170
2096678749542490325
2096692275766014364
2096687806554718613
2096684396929519839
2096692435862671524
2096687944622809574
2096684595714437179
2096689894856835353
2096682184253862064
2096717175880839517
2096717521567051881
2096717609420964183
2096723200230994066
2096708571752763676
2096720150850322934
2096720209562550390
2096714444919419278
2096713088086966418
2096718552761864254
2096725832030920750
2096724721307877789
2096723903892660330
2096703488701190205
2096703179329315028
2096701988901626341
2096720576475766974
2096716427671564569
2096702454150599057
2096717047157674447
2096718594813907277
2096705754707181984
2096720101227839490
2096717577393262627
2096712544056742079
2096713100082728990
2096710972043850096
2096724969149620369
2096716381177696385
2096707433150476634
2096704490892046555
2096719702936498331
2096390468644778267
2096701309248315418
2096698910806851886
2096724551715402074
2096715157602783696
2096709238819090798
2096723281004970186
2096714729922203659
2096724109744906542
2096712390238691522
2096705393351151747
2096705434707275943
2096726888307695965
2096720624647282851
2096717151507734636
2096727664732029183
2096722578198974464
2096721496911540345
2096721341093175385
2096724219455226175
2096712693033906553
2096715585019076927
2096718883314868473
2096716133172707779
2096721117948125489
2096720788330311700
2096720649343385945
2096753007824167020
2096746507235942483
2096738619461407116
2096749737529545157
2096751613524250921
2096747316841447891
2096730200532734148
2096729966410932507
2096746378500223006
2096745781499703707
2096749950256251062
2096745109538656460
2096744716532396045
2096752956406182154
2096751973831774421
2096751105644314786
2096750739653578998
2096743012973854741
2096731525400121750
2096739252704878725
2096747085039030666
2096737568100352220
2096740226576068641
2096735196867600806
2096730536983052584
2096738311368814625
2096742472361668667
2096742144371232826
2096748453514625077
2096740426153595142
2096734085691376077
2096752065196253587
2096750099896352788
2096747398454264277
2096736092468682992
2096754699860848750
2096751972468625642
2096750930775491033
2096730410881257700
2096737159814214093
2096747371866599448
2096734789785026703
2096746073909809446
2096745963586986166
2096740394734412210
2096750129172648373
2096744697427279982
2096739616032235877
2096745086025433136
2096730759784538467
2096751653877584305
2096746866062893277
2096735757519958341
2096744933285679243
2096824080447963207
2096823307882377683
2096804118132113754
2096755337369973238
2096755376041365603
2096756150318285103
2096765565386010903
2096755391983923384
2096813178965447113
2096805459894120644
2096792978115227812
2096776251146989625
2096783970289475869
2096784565519946034
2096818136272015818
2096807580890788011
2096809812482744362
2096807749807931850
2096795487995126259
2096795202413375879
2096797797332681139
2096823614121124324
2096822462923076079
2096819052274495863
2096789244614160878
2096779483302740069
2096788172768248099
2096777013356847347
2096765793555910830
2096784457709576228
2096803094357000392
2096785342812594625
2096769834457485452
2096798107879043577
2096794667551486006
2096794091157639647
2096598195790827910
2096768797965246644
2096768807708541194
2096807192187859436
2096806309391650901
2096780153607057820
2096787901879026021
2096767499547066762
2096802207463047354
2096799259374858520
2096764656371323006
2096763979913728324
2096757482425061796
2096792223371218963
2096807022217900478
2096768016474149326
2096759939855217022
2096749039479930894
2096803560306397636
2096784828209205738
2096763934309003552
2096760056209387860
2096793899335332267
2096781797317042324
2096777401996837010
2096785738482274369
2096762732888371548
2096761451058803036
2096820684693311648
2096814819592556893
2096796174669811994
2096821914572308788
2096819562008183204
2096813134480564304
2096780864164073763
2096775059012514292
2096765151869300984
2096781139327230360
2096777171184316780
2096772191689851063
2096808061549662542
2096800761707368530
2096765396686983402
2096812493318320184
2096809508357939538
2096773712452190519
2096775194564022627
2096762573639000171
2096757671353348492
2096791660386529682
2096779832885420249
2096763155984568383
2096765954499751981
2096756584521289773
2096756496616857775
2096813805858689173
2096802555707682868
2096798446380310859
2096782078578659475
2096834754200904172
2096834374758973524
2096833853704819043
2096838973918269651
2096836602202870063
2096836189969899663
2096842730081014242
2096695005364531361
2096827725050745288
2096829256437207503
2096896711490777101
2096883930737627233
2096870829115986274
2096899606256779321
2096893212069662846
2096892876890255506
2096954294377324714
2096983690257539181
2096974014220538243
2096966974832009528
2096948283625157120
2096944114117779732
2096951027039609193
2096968465772880047
2096982790520594897
2096982794236780969
2096971797333684251
2096987759692947872
2096975280547987814
2096953770135396493
2096939038439612474
2096973724226338879
2096989542767046934
2096988110370504867
2096986896689680794
2096956466599006488
2096928770284282236
2096922892030128189
2096920705677836420
2096935531691004027
2096915631765352744
2096936523966947647
2096926554391474241
2096936676765352167
2096939456926290067
2096947090295230497
2096939041119687089
2096933701733044659
2096987463335965139
2096984630515708411
2096979192801800289
2096984111764169149
2096977625952522419
2096970976953041046
2096963747851948323
2096972673339273659
2096964706481115450
2096985013547917720
2096981843442651464
2096961593145795031
2096990205718741096
2096972661796552786
2096967721174839565
2096980350165553417
2096961868669587750
2096970281176707266
2096986063470264724
2096934973726916658
2096984837965951062
2096984980039578105
2096969977685266705
2096970119658266772
2096949640423686625
2096961927452750110
2096961957555224681
2096931219623629096
2096946945096909288
2096969256256634953
2096956589903106445
2096989889690509592
2096984457714577461
2096976787766948315
2096978751636603074
2096953630691606878
2096986833263423966
2096976474230194454
2096972357764055304
2096969236170334470
2096961689224950033
2096954136822690041
2096952778606219749
2096986786090123407
2096985417056722955
2096976946894643541
2096977946082693493
2096949926424887658
2096933289260933382
2096910177723126112
2096963880840761444
2096968622799278144
2096985767046209750
2096979392442307059
2096976165185438125
2096990861313675359
2096989895642271752
2096989631199719540
2096953980580426099
2096934117086572966
2096981082428068076
2096970113006129492
2096923031830499702
2096991063915294723
2096989036816572435
2096986938557276451
2096976333624455488
2096974845682520549
2096955501359554616
2096965117707796686
2096962441728983196
2096959271925670250
2096989407328817663
2096983804623634460
2096982294367973575
2096940462582177871
2096924411907776528
2096939954941075758
2096969847594704960
2096957913243803652
2096957460481265819
2096967943192007040
2096953519106355221
2096987153469170021
2096963000678629531
2096958294141059405
2096989675260989488
2096986238217564361
2096981840246554972
2096990911951413705
2096988493071167766
2096981399987265861
2096968336265424931
2096953192894362081
2096943971935096944
2096942768685818038
2096942655284396384
2096942612909347275
2096978849951105345
2096976139088523433
2096971041113362537
2097040682678407229
2097037540817621303
2097037555535319540
2097042872834912263
2097035530253074802
2097035086218527075
2097035163092038020
2097035206129525202
2097035269446959444
2097037606399705301
2097026114887516556
2096992865943453749
2097015936519741549
2097043098727600480
2097019173989659003
2097019176162402798
2097028445871989069
2096993958261825634
2096992036578594849
2097014666887143762
2097014670607438263
2097014674147406110
2097033467498283219
2097044734472749189
2097038253538853243
2097037186004615274
2097000309981663406
2096993713566204088
2097011942258827457
2097015995063730524
2097002351584219572
2097014321528095017
2096993984140689736
2097000319662113248
2096999916212027698
2097044945420829146
2097040888702615702
2097038877219225957
2097045136748187684
2097018699613868405
2097011034397549021
2097041770957644279
2097038282081136703
2097035734477570449
2097033761154113765
2097030776223056019
2097020145990258893
2097044919927947748
2097029839991501107
2097026047254425795
2096991632931324049
2097043179363012609
2097023972130865552
2097022785121837498
2097039239414165783
2096980972495323246
2097028432064401515
2097032655095177503
2097021582183190693
2096990379887211006
2097044579933405473
2097042575387492511
2097040651720528192
2097022141287870521
2097021929891012833
2096999099794853917
2097032071994642533
2097022838871924850
2097007181597950450
2097027941053894964
2097027954031071630
2097010288008560807
2095945019223879922
2097046013840089421
2097018570559381537
2097040117282042024
2097027377045852370
2097008091581546982
2097007627150475354
2096997287390007641
2097046327955788039
2097040518630793383
2097035830376198559
2097045868683690314
2097039221563269613
2097033678194942026
2097044733042270232
2097029634131194119
2097022090251542716
2097045322421686731
2097027041245708561
2097044524723769789
2097044424568254970
2097031741403742263
2097046013785813142
2097018242308977108
2097001590813037009
2097039529324540375
2097029107259215944
2097014684939370844
2097008219176509537
2097017036014539080
2097043871494541732
2097042854619033964
2097040597928284486
2097030640558338271
2096991893934789080
2096995619134955891
2096995764958327026
2097032073768833297
2097044794455273654
2097042297787470235
2097039864881390059
2097047266355802469
2097045888577220846
2097044879608258810
2097015456133455886
2097011342888645099
2097046834879385821
2097046734283108795
2097046320917660054
2097017643756642411
2097014038014177773
2097014011480928459
2097040566529949701
2097008330447241577
2097044454452380091
2097041683904856260
2097039223345823971
2097039043091394968
2097022277900808253
2097042629993107946
2097025322025681029
2097009912488382823
2097020880949760059
2097020377499140477
2097019606036545686
2097002062131122191
2097047472212234259
2097024901240521116
2097022907620728854
2097043553683640807
2097039792756195722
2097021789125681258
2097046519123697833
2097039847244345392
2097022023201329545
2097031283142463659
2097015392791109743
2096997825099764049
2097041673922523490
2097037367433404827
2097030400203768292
2097047161410142295
2097048849890111948
2097048418619101302
2097077448986747262
2097060100288450587
2097082388245360684
2097081679940661619
2097081026992333233
2097062690149556359
2097062708399214816
2097086102943236377
2097075769155465327
2097070574069584042
2097021962719539625
2097083948329259255
2097084232434700761
2097086256777699838
2097082482289946704
2097074934056972461
2097053326647144794
2097049829369119043
2097048538664583347
2097053509204193327
2097070858829508918
2097070180094693515
2097063736435527888
2097085986920366578
2097086548923580480
2097047539727860073
2097080806057328676
2097074874909069807
2097070330116243854
2097055595492676032
2097083230373433655
2097078825272197368
2097075094602334409
2097075613286740164
2097080770066047151
2097067535745114618
2097052614223393109
2097086230445928740
2097080120997458409
2097064041860505755
2097071342063321548
2097047757588402466
2097080575265788393
2097079782445908022
2097081289723772960
2097074476253123015
2097074064971935906
2097082017808609428
2097072497061441631
2097072527394672880
2097078416029655535
2097078618258313330
2097063062020731120
2096712668300066898
2097056594840215882
2097068539546845592
2097068234583282093
2097062977006383202
2097072753782276130
2097068477441819056
2097053691228373079
2097081061259747514
2097076336212733994
2097074933327077862
2097056072758338041
2097080996940095990
2097080568592642211
2097074259487076417
2097082493044461654
2097074934703063189
2097067389007610192
2097047104371757512
2097087525164622156
2097087585822646302
2097084799315784103
2097062023741800710
2097051282204762546
2097085051251073138
2097083865038799254
2097058900004503730
2097056070417990019
2097051469790789781
2097047491224936817
2097076129995587606
2097065453730562423
2097083467498393857
2097081839995559954
2097078591548981425
2097064696318718438
2097072800699760754
2097049632702415120
2097072077836529804
2097087795823034649
2097087578050609312
2097085228296589471
2097086281394057224
2097082792329027943
2097082605997113568
2097078933976203775
2097065644495892864
2097055524780974081
2097075399280726514
2097073842216735100
2097061960638443975
2097057946798600465
2097057939013980433
2097056717011890640
2097086385471500504
2097083920139661522
2097082352212103276
2097080317173457157
2097064606401257744
2097064024529641764
2097080787602461044
2097075571364663466
2097060293935313161
2097088118717612172
2097062726044385638
2097057794566320236
2097085516671864898
2097083051448652179
2097073809077457241
2097083951558901772
2097081776384377126
2097078494492594566
2097085437047169333
2097084361078133162
2097074356723560464
2097083075674923512
2097080319740444875
2097072628666155204
2097079974792405338
2097063059042775386
2097080608786731417
2097080388841857202
2097080233270657101
2097089636782756110
2097119966411608310
2097119269334958392
2097106574565072898
2097090125721198864
2097120149148942442
2097116358764875923
2097090252246552617
2097105219683299340
2097102676785807778
2097099610313330770
2097103926546018401
2097103437804548437
2097111507293118951
2097111479656788448
2097111504608756099
2097114463186846073
2097114423986954719
2097118972319588776
2097116203844268309
2097111422505488891
2097112227421524295
2097052927584014779
2097087745071927585
2097099493195866499
2097102768754278518
2097117595765723174
2097112250045636932
2097100085469307247
2097110167322009954
2097108896594670026
2097099500103799166
2097103508008743124
2097094770703081491
2097120378921333087
2097116818246676779
2097113461691945024
2097109660553621509
2097092830938198196
2097090374011384060
2097088045426094496
2097112376256430401
2097102614265823412
2097120702855790972
2097118435574469065
2097112109649637410
2097110185185571136
2097101242325409995
2097100148518383858
2097112158173646937
2097111968234471525
2097113253583454467
2097107647203770686
2097101962751729893
2097098517659386020
2097119954931687563
2097099076038729932
2097094345216106672
2097118932540776734
2097118950823698716
2097088730993455186
2097119852464840732
2097120216467620087
2097103815740658012
2097097591691333860
2097115476857946425
2097110694134944016
2097106903910219900
2097113485863764405
2097112751491428417
2097112688304480677
2097088813478629738
2097119186866655289
2097118100634104193
2097115534231752969
2097113913829777556
2097100298301194265
2097090097774555281
2097120437784162787
2097118233023197288
2097115864906498113
2097120754236055979
2097105131070230802
2097088676949803047
2097119205711618078
2097113353587994843
2097105511241949547
2097120383769964662
2097107249541919117
2097097777918480849
2097118972369895514
2097107629868769562
2097107302092276001
2097101427369791832
2097168982662906300
2097185295795949624
2097180873934131257
2097178084688408904
2097136415427506273
2097162762556252234
2097155037944275334
2097155079627276637
2097174138884444326
2097130245023256704
2097134513738379496
2097186920245653668
2097184403311276247
2097180125100196144
2097138252419342712
2097151953125904714
2097150814082973902
2097146371165843561
2097186342903877920
2097174971273416750
2097137465920225633
2097135598133817832
2097056922419580952
2097124896723628331
2097134975443169463
2097165661759734182
2097161859480584461
2097158379999269370
2097174145117094087
2097125455891480857
2097142229030625454
2097171101860155467
2097076790191649049
2097171664085614768
2097167991251107864
2097161179181330592
2097164920114593810
2097153809332011482
2097152517591228446
2097152135267819584
2097122850863759591
2097128136286581078
2097154654228430914
2097146654558159303
2097141621368508600
2097125323254948248
2097161586360070182
2097151788763770906
2097130223313531125
2097126475669327957
2097127637718090169
2097157066552922462
2097156967806480558
2097156848105177171
2097129510025990585
2097175390607360013
2097173148684701833
2097171214393352240
2097145412272410962
2097144546563862599
2097143875781431362
2097140278452756612
2097172330778673168
2097162107699564820
2097156880430743883
2097163795885924596
2097159796734529836
2097156894255144996
2097157866545156511
2097156385980956761
2097149286576243059
2097150804880736346
2097135902908702958
2097138411102519545
2097158372353052833
2097157080851296260
2097150698236301617
2097165718013833659
2097164040728461593
2097159300154077542
2097165887908254054
2097165741191540742
2097160995747565607
2097152073095598351
2097139586929459469
2097131555156304175
2097168339902570944
2097162180676239808
2097161927872954822
2097243182094324139
2097224265078538736
2097198550169862348
2097257630255214968
2097257332849656104
2097256641980686566
2097242788035440698
2097248236314460497
2097233258769494332
2097248586996035724
2097233481512181924
2097218380357071167
2097234554486468736
2097219006792876432
2097203831389999122
2097260906019254273
2097259120965345497
2097256099380363435
2097300861235900658
2097319695061794894
2097319206412845452
2097314882387374200
2097293107851149627
2097286032051839413
2097305195415847218
2097301428486476240
2097283091794375157
2097316383432323383
2097316180226707756
2097296421485425078
2097316525816299809
2097315769021354389
2097308987750260910
2097315430549336374
2097319098937978999
2097282968947503307
2097303814357299624
2097303302383772043
2097284131474329994
2097307621023736043
2097297045992206801
2097289810545131685
2097180111598387449
2097180935682757070
2097317247232434511
2097322453013787108
2097320461109461441
2097313577040220578
2097320468990525486
2097312255545135220
2097305358267985976
2097316352126054478
2097321259902075166
2097318577426550851
2097295409181753557
2097305209777062319
2097315412669091920
2097285220055585131
2097314932458946580
2097315129167696020
2097294776236155269
2097300499103936724
2097313605892874539
2097313622007386403
2097318502763802783
2097314306425606305
2097300967444082840
2097320638184566953
2097313656614621562
2097304465946607995
2097300894987477380
2097323113969004995
2097319512823509099
2097309905090748555
2097324076373037279
2097315196192571729
2097309582611632476
2097319790683582659
2097323354298425569
2097322175090819087
2097320617078865926
2097314161923383446
2097316567251902639
2097322925208576033
2097309065349112156
2097306677800280427
2097313320466341983
2097323673774411897
2097323498410582307
2097322977633116444
2097322288156664133
2097320959216660511
2097319041333358779
2097281504887910606
2097281245767967075
2097312990512984570
2097310902131319130
2097311787246825591
2097294466969215003
2097288957721465094
2097321928969335294
2097314108014268598
2097308781025878215
2097314598743334957
2097314495848689747
2097298695561584977
2097308975179944203
2097302620818075928
2097286877971878364
2097308909778149559
2097305805527589187
2097300721620177273
2097315677988061263
2097322009889767485
2097318184097378463
2097314388411564294
2097291411758469262
2097323514474749970
2097311034457350528
2097308596459479104
2097324829959422004
2097319589134684585
2097314697963844085
2097326703899029951
2097369379302265277
2097363961620361525
2097361296391860570
2097347305754042714
2097353547713057217
2097353549797564577
2097331715555430415
2097362387372236848
2097326602778513646
2097380449903370499
2097374514317525217
2097343238294175964
2097358277449326918
2097358283535257935
2097358286219534658
2097373330269409452
2097370565241626708
2097361249587667136
2097375779642396857
2097375784318963984
2097369696844558372
2097353528830243311
2097337369342939213
2097361822491763010
2097359825139023903
2097354282550890705
2097380696746865035
2097376922691080296
2097373147204886772
2097378824061071699
2097365972671672612
2097357675453349956
2097328413333664108
2097329379797864750
2097354319733379131
2097353144170578396
2097337043118362754
2097347564777423137
2097376675143270829
2097361293904580651
2097331136942801269
2097304547253260488
2097381797969474025
2097367925170557374
2097364950926635096
2097376160430665823
2097269819980521799
2097360435062194497
2097371211831374295
2097366948933706071
2097345909847720036
2097378272573079946
2097373572045959567
2097366009086611888
2097354043177763245
2097346610799816786
2097345210053243386
2097367152403623978
2097361157724029214
2097358127897145569
2097370804610863301
2097370174282166601
2097366946710786372
2097330548859429355
2097381955058974964
2097378690984210736
2097371676874879240
2097367325431243166
2097357588572643546
2097357461455843644
2097369257969435098
2097363476423278597
2097360576074723412
2097342876862566770
2097342961478406638
2097381325531501003
2097351269773877343
2097368656166465560
2097368673144955068
2097326661700030563
2097370757827383657
2097377925506986462
2097339935342645265
2097329714171871387
2097378942055297050
2097367636652773628
2097374465503990051
2097375472363417707
2097380058767757355
2097374048137122194
2097370618224157042
2097376922116501631
2097369375850562031
2097361822538244535
2097359683119927347
2097363639279726722
2097355123097784484
2097369068516888826
2097353497242902770
2097353292552487399
2097352913823608874
2097353837057020208
2097371708428558619
2097348907265036515
2097378846035079673
2097353472911777877
2097357963711189266
2097373645366587892
2097354461341433970
2097333129736257728
2097380982957425141
2097373761930482150
2097371617726718259
2097344713921556926
2097373233242575121
2097378242042753362
2097374435959251337
2097369738850529648
2097378029794189329
2097376377058079034
2097375949138415899
2097377993190465625
2097371057329930516
2097354510268068138
2097352245633224850
2097380200224801002
2097369040469532801
2097368764547285495
2097380055265546382
2097349271578128892
2097329594252542252
2097381857537003755
2097380067043070250
2097378046525235469
2097376633619390901
2097374560903409669
2097366753701466220
2097349410321551748
2097332325457469728
2097363155684831436
2097357170534764804
2097351491732242807
2097375799372288300
2097367154878300229
2097365469791445232
2097362727941427414
2097362841082769641
2097327576758796690
2097383434427461707
2097381021251522809
2097377443774419173
2097381647490408856
2097374963862847607
2097367544155820424
2097363699778326684
2097357370917634484
2097354975814848894
2097378427183472738
2097370374967046268
2097366325635022923
2097360816223695175
2097345465415033074
2097339184906125590
2097383955863372227
2097367329654915139
2097359146735620222
2097378530208129140
2097372683612889241
2097368733727539285
2097392235356811542
2097417166681199049
2097416494661439697
2097414391012467160
2097410354196230651
2097404617608823202
2097418972194877901
2097400087810850953
2097406518450901131
2097398386630508676
2097397696785240523
2097400920304726045
2097405780559360296
2097388533094740204
2097399103734923536
2097384603258347682
2097422221132108256
2097420877096685744
2097419209001021943
2097390412692394039
2097390081510383802
2097422564058362268
2097412584601186710
2097410373154390124
2097388399824896100
2097397372208775643
2097395217162801597
2097391301377306954
2097409542539665767
2097407927644537145
2097417637273731386
2097414357357609386
2097411195972329866
2097386560547160342
2097420108687659185
2097418586696429623
2097407313036337166
2097422132875595790
2097408726848221544
2097403369493021153
2097408957493215691
2097403324710425029
2097377096373018918
2097418992457818457
2097389527039885758
2097422220406702387
2097421737340096885
2097420432487952621
2097416764657140181
2097384748427444411
2097405001194684902
2097423294651679091
2097423313698013349
2097404448314175904
2097415558710849879
2097406471155880249
2097413206843015577
2097420736264622146
2097410965616693284
2097407463549010430
2097422144430813233
2097417406431789315
2097422364564697448
2097416805291618560
2097417067318411533
2097420280050381014
2097405739455123699
2097395979796574299
2097422221245608135
2097414673301725238
2097407122367787231
2097422575832084968
2097406933754061065
2097384076999115185
2097404118285291651
2097421058156503200
2097413029507817640
2097392193191239759
2097416434460578150
2097414324176208160
2097413692832854050
2097387383880634751
2097423547144511815
2097421569047896152
2097418858596290960
2097424108438896838
2097422775493312730
2097422764692877679
2097400306837422573
2097418153257042231
2097422612406091885
2097412841120625046
2097412300453949698
2097421427913753007
2097421422062682501
2097421416895217710
2097421596784730469
2097401722876707008
2097421559770099956
2097420292201066767
2097416938666250501
2097415861208228279
2097402134987702439
2097384643624603708
2097418059430638074
2097398183341052353
2097396126508826802
2097418178607366513
2097418350598975621
2097394903177199896
2097421372007874647
2097415473751052401
2097406002534482057
2097423450855899266
2097422131558601015
2097413858079965497
2097422892455579685
2097414603659497780
2097412798854611398
2097415490289197186
2097409103316316588
2097399399936655726
2097423730561425790
2097422709135208590
2097417724011917483
2097411761255178610
2097420602508181878
2097419015366881666
2097410957001597082
2097447912867242199
2097437266368946488
2097425061028192513
2097452007325917346
2097450684606009782
2097448444063285479
2097430874115494010
2097430905266503994
2097430935029334304
2097453032623710562
2097437149154988211
2097451122088624538
2097445185269411930
2097429129767621010
2097430524662874454
2097424245743616156
2097424672124260856
2097437858462155121
2097437861599461715
2097437864652947832
2097439160294412498
2097453195752624299
2097450338961776882
2097456194428236162
2097452704377237644
2097452419663663470
2097458512242618542
2097446760910111026
2097456176900259941
2097438673058812357
2097432244495270021
2097449087398240269
2097443114843529618
2097438028239101998
2097439569947898186
2097437191177662777
2097448668538233262
2097441679955341350
2097438146468483083
2097444064526287339
2097433812665774433
2097440450378400100
2097440285944869101
2097448551340986440
2097446098180714780
2097432385830723720
2097426177459691902
2097456314200838638
2097452601226797545
2097450025102037272
2097443162914423066
2097438985475813590
2097438733003817361
2097456618380087334
2097443042705756514
2097441733537669590
2097452331688173614
2097450938785235253
2097369797746970771
2097444241790161303
2097436783323611165
2097457890596417682
2097431764134170965
2097459712916603109
2097450131729613060
2097449224174489819
2097448703497809936
2097443602423058731
2097440265149571240
2097456106494705923
2097453072880443544
2097426335073173847
2097439101477634333
2097424027270664275
2097458004199108629
2097459171067121894
2097450510861111546
2097446832011964733
2097450009964753024
2097441634975940996
2097430651993567470
2097459698865689016
2097444882763649212
2097437320030863535
2097435991552221696
2097436002318958668
2097439532274638880
2097450059679814002
2097448224021782988
2097444619608875062
2097456566072926215
2097446976073728315
2097446128761585822
2097456933557137502
2097438511154827299
2097441298437304822
2097440014594351199
2097435092251521066
2097425518421315597
2097442121414312198
2097446946579329229
2097457755380420910
2097455831633502314
2097455678843416599
2097460094417899818
2097458965743378850
2097458015645393222
2097457229167210525
2097440034529906882
2097451275822481460
2097441560765911079
2097442207322014201
2097454372963938489
2097449283133821167
2097446589023580187
2097459613905912220
2097457792005108127
2097453649622372553
2097452421446303832
2097437814619025569
2097440269062860958
2097434758066090108
2097434564964614553
2097460603384148428
2097457078059110749
2097451524800573840
2097446622917456283
2097443330543976727
2097436831604199724
2097448711773159648
2097448562657296873
2097446049266676184
2097452357042798802
2097448389986107635
2097436229348282685
2097445420989374511
2097440857599176731
2097435668460777496
2097451509852279108
2097451311004635641
2097444533633962189
2097436788142870771
2097489325554389263
2097427141000560902
2097486676516118766
2097491887921758430
2097346493942239534
2097490002833813825
2097473111629214175
2097481669238243565
2097467371103384025
2097482620481188066
2097467519216828578
2097480604078030951
2097473768000287158
2097486566029447639
2097464105758003293
2097484741800759448
2097464135587864607
2097490173227659275
2097488953058173421
2097486393262117180
2097485162149801985
2097462435821035587
2097460956733272171
2097487568350728590
2097481296838541657
2097478369390580210
2097491567179174158
2097488900985864559
2097479627795042360
2097468622813721057
2097466729723031563
2097490582356508960
2097486514514956315
2097482776920383881
2097463538511904917
2097476997144306091
2097468780888666218
2097462770274877669
2097490005069275437
2097488375150190757
2097486837195456672
2097469269910905082
2097469011030093902
2097463485848236516
2097485700937752913
2097493621419192749
2097493653820248240
2097491426858709307
2097483102658461757
2097474406876315996
2097489611605917946
2097486114600710641
2097484618446275067
2097464322058313823
2097492452563149133
2097485003319902691
2097487296442548397
2097475983448121482
2097467944959717656
2097480579692245312
2097485935927529937
2097493246389702909
2097486263859151029
2097484092874854773
2097490174712397850
2097490170509729875
2097482385348845928
2097484490171978208
2097492031983542397
2097483046639280404
2097482287327629495
2097476824565760221
2097463052216279437
2097493329638220088
2097493279222661350
2097487483436957884
2097479182255050901
2097467521087443432
2097490630859538803
2097481652934987963
2097475692954874090
2097482544253960512
2097471395462558164
2097483962822099298
2097475657345171912
2097486710141575657
2097488318007037966
2097488187937505723
2097479019725754396
2097484572426371206
2097564812142158170
2097542210514301346
2097535688803520937
2097496045777203709
2097527144133861454
2097535312385704341
2097548333342486609
2097543322763936166
2097543019163512844
2097506674881753331
2097495499397812689
2097507120291749958
2097534797832724684
2097505123748495707
2097501146441044371
2097497491008614457
2097515151704358952
2097496390146416647
2097531794497077442
2097528044265013630
2097520765755089330
2097520762714206437
2097505846615834806
2097489537270202443
2097526611901886542
2097521283164413989
2097515333837832395
2097496792988295602
2097522828966834384
2097520424401735919
2097529100948722065
2097504331184402866
2097501363978613155
2097520296580247796
2097511559073259673
2097505268540338521
2097528155439341941
2097500393768878490
2097506330571345932
2097522045760217586
2097521263279235539
2097527041448874004
2097525434401391082
2097546848844087718
2097541808137846818
2097539965550821606
2097565670690955520
2097521601419874308
2097521611649810647
2097540526106943585
2097513660394373246
2097566216458015076
2097540699549786306
2097538087047839969
2097515056300700081
2097513596070580468
2097501639259107340
2097513286296125613
2097520762596790375
2097513085774807492
2097505675874075002
2097536888814944761
2097530827236163619
2097530023636811905
2097537073997545663
2097530958467498293
2097530029425008831
2097517087463756153
2097496917366247810
2097529647432958137
2097519178592792953
2097519037974515754
2097602722937577813
2097592375690269089
2097586913972572226
2097633616096587993
2097645161702379866
2097642239774052388
2097636801171132838
2097641760314777735
2097641167177515357
2097645685973618772
2097643298982658424
2097641302993035325
2097638701681582083
2097640049110086105
2097626077111976224
2097610983019557328
2097641173934604642
2097626070325342625
2097581382599893240
2097644281603166429
2097640423866929310
2097640156232626499
2097643680144453763
2097643901263708177
2097642461413679233
2097693295602213321
2097676635835142414
2097701794428125304
2097660429212188737
2097693763321688121
2097687993465082320
2097687997642600722
2097656054410551550
2097697669409894810
2097700378221384135
2097670710873231522
2097693007654924752
2097687400201732542
2097659635624726947
2097700583738093721
2097684830288777283
2097663818121781293
2097678828583760201
2097699611582308662
2097701574860804499
2097697786540253569
2097695708484632974
2097689152695292056
2097683010397131099
2097697644470469068
2097679699359023303
2097645590767169772
2097693901633020007
2097691129563009150
2097670968491569382
2097688501655367867
2097695132699005030
2097657733432361120
2097654089853100113
2097656591814181156
2097676472844484835
2097675570456703424
2097658375345516931
2097702672526716992
2097702517115089025
2097698032561148098
2097690131343839373
2097694490077151597
2097698022587023686
2097694309675856124
2097687817363100091
2097698992708600258
2097703745584771250
2097505258607894866
2097672815239479793
2097467843822407690
2097467840743809486
2097467836520071652
2097697074078765413
2097688978279498034
2097685221843861828
2097485401694875736
2097520855408329101
2097688236285960352
2097697392237625626
2097691198928400593
2097688226282549601
2097695092723122367
2097682847515484428
2097673902323339532
2097674123618968003
2097683578653921462
2097678112079131002
2097700403022365080
2097679798982111696
2097704248154689755
2097699673020444724
2097694333457596753
2097665448309387598
2097698439228215736
2097692730147099047
2097681562531684415
2097701562168881192
2097694012907954435
2097686465102914039
2097703677599404176
2097703681277735014
2097679148353270151
2097703421629415815
2097703427690078321
2097702189238034499
2097655631423406145
2097648802790281719
2097693005847122269
2097684364402336251
2097683718869577902
2097658305074114802
2097702920355500378
2097700806128459990
2097695949795566060
2097663813000548637
2097701462922936742
2097700982750691423
2097694550726721574
2094419849824899320
2093383114290614284
2097705409775579621
2097701833795907819
2097697852143083582
2097698232776188407
2097697463192678433
2097693366783758528
2097646790715548141
2097646662525104185
2097705082825372006
2097703940838097355
2097701155585302537
2097656589977055457
2097672429157994710
2097704808094306333
2097689388331540925
2097683767259467836
2097703221384933610
2097702925317349532
2097698186068439255
2097686604852707750
2097665553481830665
2097665058922701019
2097692723541155905
2097689060818964840
2097660040584822794
2097691579368476815
2097702978807345313
2097701101633929277
2097699225190490257
2097704802423570873
2097703634586812748
2097696587761832425
2097703732821549068
2097703112781754651
2097697307982450748
2097704655232913898
2097684817357779144
2097675880382246996
2097669124918804593
2097669067779736051
2097669012582809863
2097705273372610760
2097694738744844764
2097685927904543161
2097705089586561340
2097696392835703160
2097688756237005129
2097703680707276992
2097752082128261189
2097734957883937139
2097751654611173727
2097743323280642538
2097724253915189655
2097724291710120008
2097737193095856311
2097739441339048139
2097747480825737670
2097718037499568538
2097712177897435160
2097722359956275330
2097722364008051026
2097735849571926453
2097724210747769022
2097711484331516068
2097709113455133001
2097732858739564927
2097736304385491126
2097731485436370955
2097754411460337692
2097750634686492802
2097746972337750140
2097681910101147746
2097739265665032507
2097720833577832591
2097713039315185783
2097732035703931135
2097724894649680283
2097742119804842343
2097753885603516545
2097740082824307092
2097744665772540061
2097739812723724529
2097734367711731937
2097716146673758278
2097755643729813525
2097753889156091953
2097752390870909418
2097748529267515497
2097732730511556638
2097728334809428478
2097737577730117668
2097736172327890946
2097731730450854359
2097739349462839541
2097705414989115585
2097754601227256133
2097750842891698445
2097747728973316168
2097727749943120117
2097724650549625129
2097723004029460786
2097753156876701830
2097745831780622833
2097744965728162040
2097750282532745267
2097732238930546749
2097727233527837152
2097745250437435630
2097716541600985398
2097706351984099400
2097756925727215708
2097752782740521010
2097746862136869099
2097746935717486744
2097733629749100713
2097732790250852620
2097711172367638544
2097710559806275873
2097742171977793711
2097736208226890173
2097710520434323759
2097710076890960353
2097709290010079618
2097724491358970183
2097713752313409796
2097757828840820926
2097756731874902089
2097751787356704874
2097752771717902810
2097747057998004641
2097741669135184294
2097758114942447980
2097755561081364729
2097753718145929412
2097741962212216936
2097732817492857324
2097727516005855671
2097752341726286116
2097751571538866500
2097748938568732970
2097750361415016500
2097719894892564743
2097739401799299525
2097738190241087914
2097738074759282784
2097743622829420993
2097736607948280101
2097723061722050906
2097740895810396531
2097732359994929312
2097373846420513184
2097707568709726665
2097731761900065123
2097758255405527410
2097755621533856064
2097754482452926824
2097750262995697867
2097748919484625129
2097747891687182374
2097746519554162757
2097738561306952138
2097737493604979037
2097727483164381645
2097755562872099079
2097753379501944899
2097741035581362651
2097742383337136556
2097741006359711970
2097747709453087039
2097723436403392912
2097722739968643482
2097757681322799311
2097755708083048819
2097752091607326793
2097748036135055608
2097735695670333654
2097734560628768979
2097745190182150259
2097743309783416903
2097716293138792767
2097717590768369857
2097714132128535029
2097749603009314862
2097747168396202063
2097745862319321526
2097753462800855550
2097750398807183864
2097748279555408134
2097750157152375076
2097748471243506159
2097747961522377045
2097754661759439054
2097747803141251188
2097746860500730111
2097711896564477969
2097707853402284086
2097707292816802105
2097752115955294539
2097745517484679442
2097729192192311777
2097751356509401597
2097750129780330699
2097742904743825770
2097756117505868232
2097734525035905146
2097769510522454407
2097782547279188365
2097769295694491929
2097765927362445500
2097773607233745186
2097773650023690495
2097764727002734714
2097755013577683145
2097783164898836977
2097773253179637857
2097767409083961474
2097787432716423541
2097790615811662045
2097763521735872699
2097764009290186800
2097778525763702933
2097770659145523206
2097782110933209299
2097762648347824470
2097795933526237616
2097792168429527259
2097788383049470064
2097778187723751719
2097777880411353348
2097766656030146896
2097779542219731095
2097771793268232599
2097771675269902656
2097740908577878421
2097784421696889192
2097781235535729144
2097764903180222496
2097792754986127776
2097790230984007956
2097787751336669583
2097775559363236328
2097796074022801429
2097792757427302723
2097788601232724107
2097792802331476093
2097788936546406512
2097779573391814893
2097789311743578329
2097764943789695009
2097776765649260620
2097794643605717194
2097791086584381457
2097791150262288804
2097793812793856032
2097790599017406884
2097786008888578454
2097782538034974791
2097781807240409362
2097779937209966764
2097788610963550532
2097783736632844799
2097772068540420300
2097771532978176209
2097792009037594717
2097768693300068465
2097784836161262017
2097787446687592834
2097787459039858907
2097786826480083172
2097786838945587361
2097795460870082667
2097764553064956261
2097781221145350387
2097781270671503464
2097782622743077252
2097782637431575032
2097431266337452363
2097446774453448728
2097788822725517813
2097794538253304212
2097794406552052145
2097786042141069384
2097791842695672218
2097793270046699742
2097794572307062858
2097790265872249044
2097784904310571349
2097780881268392186
2097776654563016852
2097771042877956286
2097792677638992081
2097774868859154667
2097771306276044892
2097796404211024076
2097794999660302421
2097787604129222875
2097795015187812849
2097784001813487906
2097763222468297010
2097759827183165478
2097793242611994728
2097789641394958603
2097764623977943048
2097793100177395930
2097786617029165402
2097777611355140232
2097788469154091434
2097785044169367912
2097761962595860838
2097458558614855959
2097777490940842459
2097782963198906698
2097779574902075832
2097797249493275111
2097794736652222944
2097791815919235129
2097795387608518663
2097794137114239040
2097792164340072711
2097769064986755533
2097774360484295046
2097794854625439750
2097791931086471490
2097791216955818015
2097764437138579483
2097763515712872924
2097762639581512133
2097777925072236654
2097775326621470923
2097770869930009010
2097791564433002646
2097787578506223925
2097786040786243805
2097792163912585612
2097778860276248846
2097778940274446841
2097794709703757900
2097793645315297330
2097772750551007486
2097776448203591843
2097776528968892716
2097792769326453022
2097784801612677402
2097777729701585247
2097787909801652246
2097783761706344457
2097783442641469777
2097794241439093158
2097787720533713370
2097787483350012191
2097795910117830834
2097788796066553949
2097784472808960186
2097785111928524813
2097759819604123864
2097788386794696892
2097784531386499114
2097784442915807701
2097814810117489052
2097826517623455756
2097822871754068253
2097822532640333969
2097824824982667725
2097800431741067361
2097800437147521133
2097799940504195256
2097821219617746980
2097813425816555584
2097809773966041455
2097807615916998797
2097821525520810387
2097821528955977994
2097821532596633939
2097794773306523848
2097811776788390226
2097801362478096531
2097826939025183057
2097826133123223850
2097822357910167673
2097821548090413315
2097810829240406176
2097810652924703039
2097810240666239391
2097803870852493463
2097800420643017148
2097807902928986397
2097804662904913949
2097798365530485025
2097818117854433342
2097809733570740716
2097822362188083408
2097798909422682212
2097799128575340680
2097822000781668462
2097810448758280450
2097808844021703023
2097815578719162550
2097826268536324096
2097823007267819533
2097818702599028808
2097813575804826039
2097812207857705231
2097811556092228030
2097823283760480317
2097819099669655831
2097816768123203901
2097824246219108450
2097799114725499389
2097807738877186237
2097826179457667576
2097815398175379797
2097804613537735015
2097801369621057934
2097801485576737038
2097823866445840773
2097826745332150377
2097822407150932309
2097816656533766186
2097816461213413574
2097809044744352215
2097795888634527771
2097761531874128120
2097761508688114155
2097804357903290515
2097826963356282904
2097821877133541592
2097812215466229941
2097810749003272545
2097808763315233115
2097804237283696980
2097810103260877169
2097806370942710093
2097804891984961660
2097824200836682156
2097798607948640643
2097828415374004387
2097824612084048367
2097800073128161524
2097804338529800462
2097804342069809451
2097802987926135231
2097807814735368300
2097810576491590078
2097810533957189726
2097799869360492768
2097809511071273284
2097827022554755127
2097818973219766658
2097816430032908367
2097828379353350300
2097822364264280488
2097818206819758534
2097828004516733389
2097823048522961401
2097818609577771437
2097811027366646118
2097828457371607543
2097825308682702873
2097808905032306845
2097808440110239933
2097807259036274941
2097801615042302373
2097808403670184323
2097826494668054599
2097823301649256942
2097813666636656687
2097800405400842351
2097798525220225084
2097807835157455003
2097804470801346693
2097801446175465691
2097829167660204199
2097815218759794831
2097809939817197966
2097813549372645524
2097799710618566700
2097827403787600050
2097823972691939673
2097813469999276406
2097806031392747531
2097819470802604384
2097847396835217468
2097855034230735156
2097847004340621750
2097846475459887157
2097849383341486384
2097839316160716908
2097828435305320617
2097847273552068901
2097853818809561220
2097849296632545621
2097831624624730360
2097848766871093464
2097854254320902611
2097854187157524485
2097854056794312824
2097856331432571016
2097855954767298686
2097852563635019862
2097838770795983073
2097829779709813063
2097828283484401782
2097854009356714438
2097854741766078469
2097853017718439975
2097829501732319274
2097841979392680156
2097844397949772121
2097835469299986885
2097856459564278188
2097853027038138777
2097849118441779210
2097853690061234586
2097853528467198415
2097850227986469243
2097853977131929800
2097852114596761672
2097850786730447248
2097828996478017866
2026124432306057537
2025200922339561976
2097839546490576970
2097856857918341539
2097852958280962388
2097849582356963832
2097843685639467249
2097853261705294200
2097825716398158261
2097830477209956514
2097841667881505002
2097836704547610841
2097829211708743959
2097849453558313429
2097839507869458543
2097837463104327908
2097851983210148069
2097855599396446370
2097848467179602314
2097847571574030721
2097853926296936670
2097852557691633689
2097851156705738983
2097850051125006454
2097845526498525401
2097850397725524178
2097842926848012461
2097840316841693334
2097835076780204366
2097829604878659969
2097848648872898771
2097843008636915879
2097839127886704684
2097856812175286516
2097855833459540175
2097852644425408516
2097845009416425624
2097856320657387748
2097832110849499166
2097853057266536725
2097848962036191388
2097843853474533748
2097850391861817538
2097857440691679314
2097841026484297923
2097852274789773546
2097833840492323102
2097857894699933953
2097857591615340645
2097847558634664289
2097927662152859749
2097924364196835526
2097917362825535814
2097867273906102588
2097913696085332465
2097885898746614071
2097884394308411639
2097883444688597117
2097905406555177291
2097901009229992266
2097900639862837381
2097864601782067327
2097902821643268186
2097898467431497994
2097893203575734526
2097894482855297437
2097892927724827101
2097865854536884331
2097886713116803192
2097886230167924833
2097873202651271340
2097894423908528372
2097890433447669930
2097886762408292825
2097887391952294098
2097881059090153779
2097876813187780990
2097895337948217695
2097888344793338111
2097768132534325482
2097884369591411040
2097859603979555207
2097859287204638791
2097868807280697424
2097860096130691270
2097880598521987190
2097882959625723926
2097888123074019361
2097872688891244672
2097865118973362594
2097925145117512015
2097898408346317023
2097887854005219533
2097898626341077363
2097894605656031294
2097892332477534242
2097786289571434657
2097892519371546974
2097920546549661873
2097822153689174339
2097900700860559760
2097862759903907977
2097860594426593475
2097900425580089358
2097896376654836213
2097889908840964485
2097882759230341593
2097871654311346614
2097892004063514866
2097928584023159275
2097901831342989698
2097901687763517525
2097912817542107430
2097906992597672026
2097899471157764472
2097890377038545111
2097882635007574505
2097878218950709381
2097873821134930196
2097863539377516957
2097909587080794410
2097890828295307590
2097882384997765611
2097886351618146788
2097887398965166278
2097886632846237729
2097883151926259917
2097908186543997147
2097905836114727008
2097904562858340749
2097908411828461999
2097906013806481764
2097905856729760169
2097895562863378932
2097877342613864615
2097864116639527182
2097875439540658251
2097866719037415614
2097865035213111527
2097890958171942943
2098005668452040996
2097998898333729232
2097996009582272730
2098007174404264067
2097943151088427189
2097996001152057663
2098001728129954264
2098006796237414606
2097772108763840535
2098001314055680442
2097996631220052007
2098004170468958312
2098003299374952849
2097970080537792918
2097943024642744423
2098003566267117971
2097991304621805739
2098005502164611342
2097991491335368778
2098003695308840992
2098001087412187607
2097976529032565113
2098002456953176552
2098007083073273909
2098006987913003175
2098004153393917956
2097989268274548832
2097943820016988624
2098001722861826507
2098000774538154385
2097997236311298399
2098004546215653663
2097940567095124034
2098006592998277335
2098053703345357286
2098052049694753006
2098050154850844688
2098064479166534057
2098063969835504047
2098056827858563351
2098054514464997391
2098018585150992785
2098038537010455000
2098063976613511645
2098018201976045838
2098012820755398900
2098058460847861901
2098026205026881721
2098030084544139405
2098063960646009132
2098060174845968453
2098056402929680796
2098048850498032097
2098058402328981815
2098045936379236381
2098039205406412928
2098064733488206319
2098047229407719849
2098044657577914383
2098021305370996921
2098019422061449320
2098053675499352499
2098019036294480123
2098014412116246617
2098026055583850958
2098020634689147208
2098034003056201962
2098026205949673883
2098024942109638881
2098056789103161347
2098059309707923551
2098056032450748841
2098050100329173255
2098061111295615396
2098045019038916908
2098035427089260651
2098060437648552354
2098054152127467941
2098050432400515196
2098054857429074115
2098058679056498818
2098061800931545584
2098010424994079212
2098060998787633256
2098051288323834153
2098046805460111766
2098038269673873589
2098028465408852372
2098047406583452081
2098047964438470711
2098048027910938706
2098016771395518470
2097810435793977467
2098018918937793020
2098034341762806195
2098032953095803155
2098065167091204332
2098038250849943820
2098061926127305166
2098056978400505948
2098054513491853500
2098062173654175895
2098052772608233811
2098045119702106167
2098063949489201443
2098056402505789449
2098048853719011823
2098065220123955500
2098063768219517424
2098012853559075239
2098012861599486463
2098020684333027354
2098064825871917356
2098059397721100771
2098056752491098229
2098065880760361378
2098043601762603320
2098062105119207614
2098051970304995527
2098053700472143929
2098026203592732878
2098062428881690631
2098060234367352882
2098056475570516296
2098064127465812434
2098063899845091549
2098063551042642294
2098010364059291762
2098010898363289882
2098022167782760760
2098062635681870194
2098056989632807193
2098039453759475889
2098045807442211199
2098019045115097523
2098014319195643995
2098058016759189796
2098052351626285274
2098044941675196738
2098067073570107822
2098059669205848438
2098055662794145975
2098051069666288056
2098027960360174018
2098012152183570451
2098042233656156243
2098035770552397877
2098045390780035087
2098039869951914332
2098022489242611936
2098060372552958181
2098049589127295060
2098047893017903401
2098063227301044642
2098060460255772796
2098057365312479726
2098066400967262258
2098061373812953107
2098060379368616359
2098066897434538019
2098049909781864716
2098045311037956405
2098028612494434424
2098028552855695734
2098028502414922106
2098065402550984761
2098056797693136996
2098042548178583706
2098058339603071216
2098054915939619294
2098049096510550201
2098095870700847486
2098064895610609674
2098114617205748147
2098105624810713478
2098104440695709902
2098097822511903015
2098065747868106859
2098108103421997506
2098070099257168173
2098076775192449047
2098073735949414450
2098065643232722971
2098099723496198598
2098099726432272582
2098099729024364880
2098081781907878082
2098070509279756376
2098114653805015186
2098086598550110575
2098072028607549472
2098072992232202736
2098113022300762469
2098112666657042611
2098107675556950507
2098034338428313951
2098100660906709035
2098105108215009769
2098093930105426183
2098113704625901852
2098105142868328591
2098080499159703914
2098109633478926609
2098105959998505009
2098108756147962079
2098099658891374893
2098097408349544532
2098110340047233306
2098108991616237782
2098106314907922907
2098114199826112728
2098112503876116627
2098109575039754573
2098114586557755455
2098110129157669299
2098104408491929641
2098078220755128648
2098115408595235007
2098108614057558134
2098097088651211092
2098101417370390904
2098094553949524229
2098105675851481201
2098080026088354154
2098103913861791942
2098104173862535388
2098109248471486578
2098102756137431439
2098096975820271623
2098114694699520238
2098109391383969870
2098095885833912650
2098091986171343354
2098091687624995045
2098080787094499398
2098097071697870867
2098071215499833639
2098073479761338440
2098094152919499100
2098095751045804469
2098095796369387990
2098102271389184442
2098088620238295362
2098076159170760732
2098100844214329841
2098072247239946579
2098103781527293987
2098097262597439527
2098097354205192456
2098112573073940688
2098106487675719765
2098100183061983350
2098101698984288475
2098094154417070469
2098086598344884721
2098093251517677977
2098110257449074690
2098108249665085907
2098104399797137525
2098075483845886131
2098083734402519375
2098092445598654643
2098110902713061479
2098086937428943035
2098084896140820938
2098083632564814057
2098080106241577117
2098108441088643308
2098107272291328263
2098084143418552500
2098074868348531055
2098093328357032159
2098093066032759054
2097859051396743251
2098114633437462806
2098110200821469331
2098108043372228652
2098116179801862386
2098115385664876974
2098109252921602527
2098087202685104380
2098117174804029479
2098111127796461764
2098110093829013648
2098104372374761502
2098093996014813296
2098093870793867445
2098098302868685029
2098109108003942483
2098104997472788915
2098103855586345183
2098114141449810171
2098111853960233240
2098108872426652067
2098110139257806979
2098097014156284382
2098095222592852398
2098106030953537782
2098082519237189928
2098075319290794167
2098115263891693896
2098112417561518134
2098071034402308355
2098114503766376523
2098086414126858541
2098113232913211465
2098107917761196218
2098107159774941369
2098110377108156621
2098106687349510593
2098105322569163136
2098109664810373528
2098105532166860810
2098099661470859402
2098113311652843587
2098101911006171223
2098099167377674635
2098092055494877234
2098087251355820081
2098081425895403554
2098108511771033905
2098107235008499953
2098102189537288427
2098126657798255048
2098121830645342599
2098140704757198998
2098140825364443272
2098146114599846123
2098141291099943384
2098118514233983297
2098148478161486138
2098117272602566837
2098145172806586603
2098139193205514372
2098116190493176238
2098140296378974574
2098131840364380309
2098128807198924939
2098123074549805206
2098128400246505474
2098154550561513845
2098153452421447955
2098153165065503143
2098146561587073523
2098141323580596410
2098136269884960818
2098147663891800125
2098132111224107271
2098134378052571456
2098154780388622604
2098152455959638417
2098150768104681737
2098150122861326521
2098150979338137600
2098144800432152894
2098131558934921283
2098128607918846038
2098124754192380085
2098155094378213834
2098150916255793477
2098148380581011934
2098152209468871019
2098142463705616541
2098132879683264741
2098152112605852112
2098141455483019582
2098137654608970083
2098155218634502245
2098151238021828832
2098149512594501759
2098142780551819390
2098142501177536602
2098142313314709976
2098149049144619074
2098140358395756801
2098121096667009344
2098131215350128704
2098151460705828934
2098121733572112566
2098151684757205199
2098146913518301597
2098129340554936414
2098130673420976379
2098130702675984556
2098133916091568482
2098078060859855174
2098096607224832291
2098124854671134978
2098154545784471849
2098151857679950015
2098148170232389966
2098155210820788293
2098143468573057084
2098139983257149563
2098154793621663806
2098152229421334836
2098131897591144732
2098149053284458682
2098156342720831746
2098155688144900341
2098154174185640025
2098146527860400502
2098132607523525108
2098148539595633114
2098143426118070484
2098130131982102841
2098153358687130067
2098147187599290620
2098149780740268427
2098126820423995713
2098153438727029135
2098150866796908673
2098137527215366604
2098155861910708688
2098153346544624049
2098149782120268172
2098156867612815368
2098155616464257077
2098154551350325408
2098117653978103978
2098137072213320053
2098127103396843610
2098150990448939460
2098148633803657224
2098147317836632328
2098154217059787227
2098154177956302942
2098154148516577572
2098140193639289135
2098126810957693321
2098118959518056533
2098152700521144425
2098150856663216437
2098134084446765304
2098147748570661274
2098130263582888048
2098156406201295284
2098148020428947525
2098133160571883832
2098151328039981115
2098144848213631113
2098153751294922934
2098130555598741985
2098155133225865245
2098145957615386874
2098141372238967269
2098151501378076868
2098149633897705882
2098149222172299438
2098156936638157056
2098156212944527806
2098152330977755562
2098147187691594078
2098140446488698968
2098137224776728610
2098117768939802729
2098120373732552993
2098144079548928149
2098143913265561954
2098129187009593471
2098170380167102736
2098158983819203047
2098185779226771487
2098184589596323868
2098182545263276365
2098175749693829610
2098158967981478209
2098177282053452087
2098168159324799474
2098172197332549661
2098169635082490294
2098183267107094800
2098183270055727221
2098171377408688189
2098164913730408677
2098184746308440424
2098183486431797695
2098181976754626772
2098166932348231842
2098184826486505739
2098173124609003744
2098175150780776932
2098173111006888091
2098174443373883529
2098185140308521365
2098182360013435062
2098179832269963529
2098173985368199295
2098163216438214844
2098177566435578125
2098179272473039130
2098185319111598085
2098181097116885214
2098177658127352078
2098169068331130981
2098170486429511987
2098184408574448009
2098183791474843744
2098182663630671971
2098172566875562390
2098183285121647052
2098179727387226115
2098178699820466509
2098184803308937392
2098179330128191515
2098173394952888678
2098179238880837745
2098163077287964841
2098100062718980587
2098178421595459602
2098178433796760046
2098166345124745675
2098160560785256680
2098168899741098447
2098183030552592870
2098184303179886762
2098182528221716601
2098176406601564551
2098182553538642141
2098178865319264359
2098175261883658532
2098166345221407044
2098181331993723119
2098176182692782154
2098182071390777831
2098175006563872818
2098172003291165168
2098162513795805516
2098163871177482408
2098158124913787322
2098185818229674429
2098175096602886545
2098169651096125838
2098172696056004674
2098185648578441634
2098179602568868053
2098175981970202870
2098185371997655313
2098183346283024710
2098174066322469300
2098185687237578987
2098186653105787092
2098185412954997145
2098182611185082609
2098188060341191154
2098170972323058089
2098160198099566693
2098165425439707599
2098160556368662531
2098157870781026622
2098184748371677462
2098169650203029619
2098165103833079968
2098160517764243840
2098185322920104439
2098179830537732149
2098179166432543072
2098173659529576675
2098172617479856508
2098170381727113479
2098174896064881050
2098173230565450042
2098172785927278837
2098163604381995137
2098159745202876671
2098181996799201714
2098185805894218210
2098183986438652120
2098183814216364271
2098205068042338681
2098214297180533176
2098213736527872012
2098210937551327268
2098191773675700581
2098188094683959595
2098210743963238669
2098202361109828059
2098199952987988122
2098199850852728887
2098212241497870448
2098194011949560268
2098216291123224749
2098188324905374005
2098213987284402634
2098202361445351567
2098202240695648558
2098200978549850310
2098203213413376478
2098197345083007363
2098214946995884118
2098207396162093056
2098199498287698428
2098202202183467174
2098201771826880860
2098197131722924244
2098202567209591079
2098201829540536673
2098197918758883459
2098210036036112596
2098215482910294502
2098214343217234023
2098212914431725604
2098189453663649945
2098215367386464361
2098211285271798160
2098207547786199113
2098209311138959436
2098194365176799660
2098201887656792078
2098199075577352250
2098213811094192233
2098190292562178369
2098215744643215653
2098212917694923151
2098206315113771289
2098206880195584418
2097724212123144424
2098212999014039889
2098198032734908508
2098192267747946711
2098169708340002913
2098169693248839833
2098202517402185737
2098199770703491288
2098193434045530621
2098191502409187812
2098215341323149730
2098213674636697617
2098212568963711436
2098211189671293208
2098209826069262577
2098210498055389191
2098211170201280902
2098189220011520221
2098210027769074052
2098213248310956294
2098216254469263822
2098212718893248889
2098208515873452277
2098217899563356211
2098214950850457673
2098213937107877993
2098218170079236370
2098198882576462314
2098209066392633681
2098212407281611101
2098209323654455324
2098209044703887418
2098191744550510741
2098207485408460822
2098201519476887875
2098211224353677817
2098196086024175684
2098216335616463286
2098213695931208084
2098215383547126081
2098207732075491501
2098206244804657184
2098209908319502356
2098203677416644949
2098208413654089811
2098211771592892721
2098199439387095151
2098199244385534329
2098214072139288771
2098196183382462661
2098190951197938137
2098214367057584164
2098194821139636644
2098221486834131032
2098231576060448943
2098231638500986888
2098217193553174984
2098268870251315444
2098268799510225303
2098262737260286128
2098257441133633903
2098235162702086583
2098251207806746825
2098245014673650169
2098243035704512675
2098277140412137957
2098280354985427035
2098273998068969882
2098262506904993991
2098262256005836822
2098261986702217539
2098236070726955011
2098225076998971629
2098223200169497001
2098226244873548242
2098241514061090841
2098224240856007155
2098283023577841917
2098282387608113199
2098281331788546496
2098261381506007303
2098233153567506670
2098219137453404393
2098218015506813214
2098245913990836363
2098232919785411052
2098224961437491370
2098275286659866716
2098271669525602569
2098267937081638966
2098276579864359268
2098270194556637229
2098250675054350679
2098247111372398627
2098234857889341765
2098255605236421117
2098248269247680719
2098245147775651923
2098219404773470717
2098243521123606999
2098252472997364001
2098251558311891278
2098221770268381352
2098194128635113838
2098220502162772292
2098253643791114663
2098248100242420137
2098253685558051038
2098239102072041944
2098236134316782026
2098245168705020183
2098245341547995526
2098241783318659332
2098226848450978019
2098229746337185972
2098241408834425128
2098234030126698663
2098221127134798104
2098276105627074615
2098250539796435269
2098220320008053058
2098237079431836153
2098220730164883930
2098267847805796406
2098262137084825955
2098251572291469316
2098290441246724336
2098230050994684189
2098225554717614226
2098264181497553193
2098262105380057350
2098252858474819713
2098219298720231860
2098227957873496148
2098226431465537989
2098269865979068523
2098260033406447999
2098222312361246842
2098259849435824563
2098253917968613878
2098241716079690155
2098233923989860599
2098230451232030991
2098264008268636528
2098261816182800892
2098260543182086262
2098264340335907249
2098261968322719789
2098260689013838130
2098244249607131584
2098225864798310676
2098225384252752009
2098240083543437675
2098234240701726731
2098233767420702909
2098361741109248052
2098350764473164279
2098350507471298808
2098358392758636787
2098365416468889679
2098368020930290052
2098364822937051377
2098363379660333297
2098366693206532444
2098366572213493937
2098356692450783680
2098365435351826489
2098365954052739452
2098365439797534865
2098363554235576610
2098366106507362383
2098358457707397251
2098344972093104177
2098365786834309185
2098350845058535926
2098335755370123450
2098366578685284798
2098351563638981119
2098306189817749513
2098366465111953884
2098359077457773026
2098354759971270713
2098365943457919354
2098368962970935403
2098410485406175527
2098424622584652201
2098424366560153808
2098424037202366763
2098380503929815447
2098411724118311295
2098405239938240939
2098390750220169342
2098377482441240619
2098400541499953153
2098411409600045064
2098415462455378345
2098415466481852897
2098415470281945464
2098390540156813421
2098425795634966741
2098396815536038301
2098388589876797872
2098398649961025848
2098426349484400730
2098422562141413776
2098422499344031961
2098407329783751108
2098407325019046127
2098426755140759668
2098380986413183077
2098408114567475523
2098374522315370564
2098385197574103523
2098161168338538805
2098378042926043251
2098409586168348891
2098406716102562051
2098426730746663280
2098426311752454568
2098423677062726046
2098425831848575335
2098421453964108256
2098415458869207538
2098426919578440092
2098417640494563828
2098401336844808222
2098419296669974717
2098415213640818697
2098407846375280920
2098415069377802367
2098408478653960300
2098406854527197274
2098403205143040062
2098397599489220704
2098393972846514582
2098412643774030164
2098412658496061573
2098405749810512094
2098400249261748578
2098401801779195951
2098425274899616066
2098419293482262792
2098413474460144029
2098406156255330476
2098424639747703253
2098418959435325789
2098410116160643085
2098418787594989869
2098411239236125002
2098403692961521751
2098422250173026624
2098399369716240546
2098415217684131939
2098420868825117111
2098393666016419910
2098382404813521401
2098418975084359900
2098425269631476222
2098422964194570457
2098420441626837290
2098411139528905036
2098410791917511018
2098406317169778915
2098393436709597286
2098418608271482933
2098426599762751568
2098422620379140360
2098422620085539171
2098424051748217214
2098422058585600404
2098420868653162749
2098370561952952639
2098370458508726702
2098369428068941936
2098424392887709801
2098406162995552314
2098405359199093093
2098428292588052559
2098425241852690649
2098425203898409337
2098410627916075375
2098414656058781871
2098408944142360667
2098402595740213665
2098422203842744627
2098420220045971843
2098415916790784142
2098422406289182962
2098419753920393465
2098390640354881914
2098423533248434678
2098397658712887770
2098424118550966761
2098406782418711005
2098412861223506125
2098410253649850821
2098406486879744050
2098427271384035766
2098426977677951382
2098426494452154568
2098425607423918176
2098423345075159505
2098420458810978783
2098417564992893075
2098408676490936649
2098403641119924726
2098397247234785758
2098397125939736580
2098397069421514872
2098424807482085757
2098415929126183267
2098402230256676922
2098417881633436053
2098415362425360583
2098409823679201774
2098450642167542239
2098477609315139728
2098474372151341555
2098477702445404582
2098470747861557313
2098464481701413034
2098442585144533482
2098442587476574626
2098444570526703637
2098455136968323219
2098443917154746516
2098464574974345556
2098432141478490401
2098429017095368907
2098470352955314583
2098463306444890550
2098447571513422310
2098467291952197839
2098467301733347622
2098467304677810307
2098440646012932497
2098436148284604813
2098445148250161549
2098441444625350921
2098433888808739178
2098446865955946732
2098014879101669758
2098475410564739098
2098467860737626506
2098464086719684961
2098448856631406933
2098435984870301880
2098431586278461487
2098472484748058719
2098464472725660067
2098437857396285795
2098441750402433397
2098436197165019206
2098475410585440709
2098468732418830580
2098467719750320259
2098453895483683059
2098440895989227968
2098437928795910591
2098474253339255215
2098473234932867239
2098457088305291365
2098473119866290429
2098472267059535966
2098465619821597113
2098474400391573972
2098469308007317561
2098466266981810439
2098439484454936826
2098437245342494904
2098435409814466655
2098460612242166210
2098460089657040978
2098447444027572708
2098454895078564129
2098475265865236730
2098473728262676926
2098468833790922938
2098477777804837283
2098472160377618795
2098464270925119623
2098470196352561278
2098467196548608322
2098450637419581647
2098477190522269711
2098433410360361091
2098433525682761843
2098458247292158268
2098469310649831852
2098464238087946385
2098459949244256573
2098451953344794660
2098441006928507129
2098427796783534112
2098478837344379085
2098471009993085330
2098466011825545601
2098470788374339653
2098463182297731285
2098453688557699187
2098465321061409138
2098447275911491743
2098443821226840511
2098472520173150396
2098443009683492996
2098435935545249910
2098453286680420668
2098448826344374422
2098439732493496731
2098475698310594756
2098473978922697030
2098451334143848886
2098476539339796941
2098459913395531889
2098449470400729562
2098428058751402368
2098431124976312562
2098429276227838128
2098459052619813275
2098474944392790381
2098474210456727616
2098470433645359468
2098473129160880620
2098471638904009102
2098465091511365658
2098460844086718840
2098476875051856091
2098476869095915546
2098472388287402245
2098466832155832568
2098451072574501321
2098451039611420904
2098467159487713643
2098447607974490414
2098447462331568280
2098468871195824567
2098457185277608428
2098456713913340167
2098472120988860800
2098449424850530524
2098441442553421858
2098471751936040995
2098444401169039730
2098437364531999176
2098433849608851602
2098429954715263129
2098428626278474005
2098463417799446906
2098459800258441321
2098459926578233622
2098470668765471161
2098468092611371099
2098466443251597604
2098478932592849012
2098477179528966302
2098472307521925170
2098472038507663514
2098466574894080124
2098453987691250166
2098475316851163320
2098459368429637770
2098449332324159887
2098478614610153567
2098473539393188038
2098454134563193005
2098474835286368579
2098471060396007510
2098462857901776921
2098507885479158252
2098503540545085486
2098503515391902140
2098502469311430799
2098500312281559468
2098507286696399261
2098507323878572058
2098507340676829570
2098494472476823992
2098507538991841648
2098519557912584641
2098508423570637244
2098518321217847409
2098518325798027611
2098508680484258150
2098501444492026104
2098519125999911277
2098504270123241630
2098503399809376692
2098492794687926526
2098488244086182279
2098515189746348193
2098514002632405501
2098508520672936084
2098500157851455558
2098519160410042620
2098508524925968728
2098507904781336771
2098502194727117306
2098486355365916759
2098517459477164034
2098513307816579226
2098509622059376746
2098503433179255132
2098496395325943960
2098491679435108665
2098515319790653848
2098512173609742764
2098515272156185003
2098515830656864290
2098513957451448828
2098508015867502977
2098413589602202077
2098424976952963270
2098445770017931590
2098486088784556258
2098488549972508911
2098508064563273788
2098497507030347781
2098515754874245382
2098515809505259967
2098519515726311627
2098433887860830643
2098459932760629738
2098520209468301531
2098515040882008326
2098512402132185107
2098502586185695677
2098517940794687604
2098491476221051389
2098481640901083232
2098519418384822767
2098506065746726960
2098504038644154421
2098476791794991184
2098517042613678423
2098510113799639461
2098507983609385164
2098492667743076824
2098518115101421717
2098491607666352181
2098510058111844520
2098516863768567940
2098504107929588076
2098509546767454513
2098509504727912567
2098490937819156521
2098488047150972987
2098505323292107105
2098501877608366145
2098493283475308649
2098510713249509726
2098514264482844949
2098513295451771266
2098512924083884201
2098516720356864433
2098508896608350218
2098503152827851233
2098517755070738622
2098516940683649230
2098516214750347348
2098509000769994994
2098499743122862190
2098510485972763009
2098507759759003814
2098499351983063056
2098517569502068852
2098508553594056976
2098504482044645408
2098493145168409008
2098514788384940083
2098511137331396922
2098507146094600645
2098495343792894168
2098514955104342119
2098483486835232808
2098517422038814797
2098508252854001701
2098502546964816167
2098518033509548115
2098515278015451410
2098514568544666041
2098519411766297047
2098512255281193419
2098507752364470715
2098520628592615495
2098517638804582771
2098509751583678512
2098484418851578365
2098519206060765296
2098519046325232031
2098518967128051755
2098540426793767289
2098540443042509028
2098540456250331565
2098550121289912821
2098531813144588537
2098525429040640345
2098526741262459040
2098538246498082957
2098547133196779649
2098533335106777358
2098528853950115860
2098551458417291732
2098526289485259213
2098526292807143589
2098540071376887942
2098547137722142791
2098546677728633217
2098543358071439743
2098527323897188499
2098524358788448640
2098543001266221557
2098547730868019406
2098547574571508102
2098534325486494118
2098527956456927476
2098521977044553797
2098551035081973879
2098547720898183520
2098543480855199784
2098544039477817566
2098533618402426958
2098532732716429725
2098541099136766387
2098538849928425950
2098530735263023297
2098546248085032997
2098544746666844500
2098535070961172748
2098531730781004030
2098525602605064451
2098551534619414570
2098550506326987016
2098548001283191038
2098547117610398106
2098524586958533120
2098536360789360720
2098530487815778458
2098499899499184319
2098522036675150114
2098537166183788957
2098527104866365805
2098551807106482231
2098546286932742327
2098548777795661854
2098543918476611976
2098540943494578533
2098540519768899747
2098536446323831152
2098549349798014979
2098546799640236216
2098545992555544672
2098526914579190227
2098543098175308055
2098543214332461244
2098552336813539680
2098539644501557738
2098534598565142687
2098547536025784813
2098543904786092103
2098541677761970334
2098538059247878571
2098550512765292979
2098548246511595776
2098533907364708807
2098550752067121371
2098521170521838061
2098521164758872253
2098545073755410643
2098551231467942268
2098533703588970697
2098552752099950913
2098547164968317027
2098544070788366637
2098526188821938504
2098521255410290742
2098551034448630166
2098547702371942847
2098538440476242196
2098538744072597601
2098537429439336571
2098536650850635899
2098538822334025879
2098538413573980456
2098535989761167784
2098535310019690546
2098532660205285885
2098522835421466905
2098528389564936697
2098523225563017704
2098521545920717089
2098548256422682721
2098547481822789744
2098547420707639728
2098563465656807704
2098556693621755913
2098572937896899004
2098570691616403505
2098569668797616327
2098553879218540573
2098566080046252483
2098577226593718719
2098570357649109183
2098558040870162859
2098567431648137415
2098567535117341045
2098567583548977200
2098577342247432377
2098576073285861730
2098572913083384254
2098555589924389291
2098561770965148094
2098577070863323614
2098571986309906654
2098569956950454763
2098576933155938467
2098554711070880074
2098554201294946604
2098581226927910970
2098577762223112200
2098573722705600708
2098534293588836594
2098571607283265910
2098555232196132906
2098576596768587970
2098568703986049420
2098564549347876911
2098574285862277464
2098558298769289717
2098581171990835686
2098578865094263168
2098578494472995300
2098552815463407867
2098568160106389698
2098571205791871464
2098560100147339688
2098564217158656019
2098564022442295549
2098563780296736944
2098576984750080363
2098572672632254628
2098580842939367800
2098575504664072474
2098570784432140321
2098561080188403993
2098561091986985425
2098561100522344727
2098567984784593229
2098562222284800155
2098556856847184158
2098556368957395286
2098576583984382172
2098559167959072984
2098576997827871059
2098576328534413570
2098559437514432581
2098574648019419215
2098571280161116406
2098571089211195721
2098581543593669009
2098577334655996166
2098560924126786008
2098582536897097817
2098565044418007424
2098581952328507745
2098576283357626464
2098570253445771356
2098580099054313649
2098564032446054677
2098554088082293139
2098579925783474521
2098576944870682635
2098563217630933453
2098577340699664808
2098568824056697026
2098578189790388427
2098569396801217018
2098568628438286776
2098555681485754379
2098559959801741329
2098570106016014359
2098568523798949972
2098576804063674572
2098559813852475779
2098593816257147023
2098647403100270710
2098619288206594397
2098617431837012047
2098620445171876200
2098605383199732148
2098599552282407042
2098644936316870804
2098630562084688244
2098630343964143935
2098607388458627582
2098602727043391822
2098604071875711159
2098624367068426593
2098623984585556264
2098623531118371092
2098590232526352603
2098525399856848921
2098624583569940909
2098620310429782356
2098614161118761428
2098602744382726159
2098635567051284881
2098595625059152029
2098594181451055175
2098626514619170865
2098623031832662085
2098615202690298122
2098608228640649336
2098605149883121780
2098505839124377969
2098621851647844556
2098597464484061253
2098592435719024949
2098583259303072058
2098606921309659137
2098597464592818218
2098591173019373961
2098584988388057110
2098585867354784255
2098591580261147029
2098616109859574107
2098613522292670835
2098599998388576406
2098602173227561210
2098593593204105250
2098592916730007701
2098630277681545604
2098605833219162318
2098595751735533698
2098596848126554264
2098646592953741570
2098644068666429640
2098642360162812403
2098607540732912068
2098605558626394172
2098595513612296278
2098586496680788448
2098630391405896011
2098609387359154295
2098606498142212606
2098583646512796002
2098601470455132275
2098599662424879300
2098597500915507395
2098647162124964194
2098600795113423072
2098615052299362815
2098612091590484339
2098604527968485447
2098607924880818506
2098602397916434629
2098600120845476032
2098603227025395738
2098589759559909575
2098603888593047808
2098632239474950427
2098616547317006735
2098588998478311603
2098713506723795227
2098710730937614616
2098693332989784174
2098720778011255046
2098718259801407908
2098716309894668509
2098762838206464460
2098760850274132254
2098737981053903105
2098737781816099109
2098742036153196636
2098727821937942926
2098766078268837943
2098766076326858916
2098750978065657965
2098749976104854009
2098747666184163819
2098746083308376524
2098760735065076055
2098758018817049043
2098741483176165425
2098760861598752888
2098757039514087783
2098755644614463824
2098766833574682772
2098729939117686855
2098728987933417479
2098760033412489530
2098767167617396856
2098765206063096273
2098766139161506133
2098758691726004480
2098751040061387183
2098760270059393264
2098757581254619145
2098762541920833759
2098769821420716205
2098732155098534065
2098767785333555464
2098755108980842926
2098744012916101621
2098768038367465520
2098765495323222488
2098764105859350732
2098759627449987170
2098766238851690770
2098754875165143083
2098753658175271363
2098762409317998925
2098762349637144582
2098762280364126537
2098766083050098841
2098807601953681909
2098788111065002360
2098806651402821867
2098805357048943001
2098802895969812841
2098784788186271781
2098799060094185929
2098788738088177738
2098788739719868781
2098788740575481904
2098791961121419562
2098811373820018790
2098810635358285996
2098803831622766603
2098808394748489941
2098803803893968987
2098801970215543064
2098795889254859218
2098795223832764757
2098792839857476068
2098804820161208573
2098801616291840024
2098793933522317339
2098799825722515900
2098771439247667561
2098795612330147964
2098788679669940279
2098750979864715282
2098809989376709006
2098797915980349928
2098795040638189752
2098777484040757372
2098802779217141958
2098779354293563819
2098796136970531266
2098771335631503428
2098802283345477679
2098811376244568209
2098808051230810343
2098808129567801438
2098812895869989335
2098777953249177682
2098553056103157942
2098778977431158860
2098797914520703063
2098793100906803321
2098805650021024042
2098781329185788018
2098772108734009612
2098795871643095382
2098805365391425715
2098803374690853052
2098785691761086662
2098790710438695156
2098793715900760308
2098813333264630168
2098799999098278391
2098790126318944595
2098812112642445533
2098813200481300655
2098812430063218942
2098797250461696221
2098791863775875483
2098780287781990454
2098786353404150009
2098810983745556509
2098810718350909709
2098807748884328730
2098789894730494239
2098804376294875405
2098810844737859965
2098788114705576288
2098775871662207197
2098811698106777874
2098804865505939685
2098800267248500905
2098812652055134556
2098813582058127767
2098809022254055565
2098793471809048597
2098792011939668465
2098797029808058732
2098792499741642960
2098777717818675651
2098813612366160258
2098813242944430512
2098813159079370888
2098830906009993683
2098843646422306977
2098840952416731565
2098840892513616176
2098842639923638551
2098823267737829817
2098841645722542479
2098818008848204038
2098826363537142170
2098826381782045092
2098826395845632243
2098837855028322529
2098814026264228015
2098841573240823962
2098834024894763458
2098826474421948901
2098818748501111165
2098831152186368059
2098830331788881922
2098827405666193863
2098826531741049272
2098825883398422537
2098837970228830376
2098834756427264373
2098833526539886848
2098814895915475377
2098835563520332059
2098818923521061113
2098813980286329259
2098842355029643708
2098823460700971045
2098829603095658777
2098845802860843434
2098834027679531343
2098826473272701226
2098814242656854260
2098840862075519180
2098830021439971681
2098828655732335052
2098827748424699913
2098825426017648711
2098815966817694040
2098825514026746287
2098840747684327511
2098829359582728561
2098823574941204603
2098842733989241344
2098839678887645598
2098838848398557327
2098836844792156628
2098835934108172648
2098834509558862336
2098832576043450735
2098842968073322662
2098846626777297162
2098838901683081616
2098835563163853097
2098819941826691333
2098845699626471791
2098840941649956983
2098834714874249638
2098836920457404555
2098819474082181406
2098817916120531075
2098837365288567094
2098834811569783009
2098834598968852795
2098837456699175101
2098824174475030927
2098843434043748775
2098840588585939161
2098838000872419818
2098818926436061469
2098875582209458434
2098873887744201128
2098873940319863239
2098858758709580078
2098868323266015271
2098861148644790510
2098869924693262819
2098877458619781286
2098851640690274413
2098872193140641832
2098870134383263764
2098850408345022639
2098879326687268905
2098871772145979625
2098864223787110830
2098877821536100820
2098865876602638668
2098855082733293837
2098876386630885720
2098871357186752581
2098856931561545750
2098877644695589264
2098858190263710075
2098852511352258890
2098876006090121413
2098875712597787131
2098871978677420454
2098857854643879964
2098867987294114005
2098855433163125057
2098868610731049395
2098861607845593335
2098873134271037454
2098867658468851733
2098849816289726959
2098852870049169408
2098574460466970670
2098743431451340803
2098773987933171863
2098873082765058352
2098870275345453268
2098879325403496791
2098849123726209372
2098855518286623180
2098861599746580627
2098849234032251280
2098849249316192584
2098870035196317886
2098880490853830982
2098879656589955413
2098877190829961329
2098872806574268566
2098878118949740638
2098876926920462481
2098872642191179961
2098870785221755055
2098849246266946042
2098874644962877644
2098871801799467070
2098866593094603097
2098850180531405065
2098878332628512956
2098875556410356048
2098865878129381399
2098880181330976901
2098859030701650333
2098849122841141738
2098858319817408604
2098859176906666257
2098879915424690519
2098868353322377636
2098857035697643871
2098871186016948694
2098868750132871303
2098867258151846017
2098871291977531897
2098871204778017240
2098867374975803881
2098879798558806261
2098855749338149155
2098878644290785375
2098855755096977677
2098852638242587085
2098889506816401558
2098908994479747254
2098903042187841789
2098907002462155017
2098886099825229946
2098895718736134220
2098882629433197049
2098815691839111266
2098889764607017127
2098902740424433720
2098902596186509369
2098893163037385048
2098904759797236222
2098901084559315095
2098886471130206708
2098886475937124511
2098892822699024782
2098909053539824089
2098900873929748866
2098897794312310997
2098897523272233296
2098908594943189446
2098903504089755822
2098897812956103071
2098899656793108909
2098903659757060212
2098900690298908881
2098897158371946560
2098892047172382843
2098901974536097979
2098899052209360933
2098892433970880758
2098884198757011607
2098905508081967483
2098892911664394305
2098910450356310026
2098897054227411240
2098893019881656325
2098908007719411942
2098909405068869841
2098886528155918553
2098910885578264946
2098905155403989192
2098898405799981331
2098906067124039782
2098884036181832005
2098907046334636477
2098899709217620048
2098895409200439703
2098892322561769777
2098905174458716336
2098900395208667437
2098892428908589484
2098902119398924294
2098890755175551218
2098898518349865084
2098905691524120724
2098900468428623969
2098915812300013704
2098921107386507472
2098920622621438229
2098934528471437646
2098924628085244108
2098917916422930459
2098937281113382935
2098934675267809493
2098928017577836871
2098933460018880948
2098925461367619685
2098932605643047408
2098923374210900041
2098917717482897800
2098937887869858070
2098933075979764153
2098934964070887568
2098913006256079199
2098914464439435535
2098932332224733657
2098927991489200335
2098919706707017902
2098931203793359247
2098910025054142723
2098933516260007954
2098930641232392636
2098929749594657069
2098924957447410036
2098909527391252937
2098936043286188098
2098930658240336318
2098926208477999208
2098924621537939609
2098934478655590646
2098936450272161968
2098925375472476568
2098911946645074007
2098916728776319404
2098912899808862388
2098935533997093351
2098921598698868835
2098921721969377559
2098930586878464385
2098928443328958838
2098919514746376220
2098939719908217035
2098933093549654151
2098925475800170542
2098939488462365069
2098929502483017854
2098933652730081536
2098924136714183052
2098922600835486090
2098937051156451398
2098926862198051000
2098935277033050459
2098928993516859870
2098926083093516764
2098918420498510143
2098915362360193203
2098939680599277898
2098936295187792193
2098925077899133400
2098913775109759155
2098916078294343787
2098914182502424960
2098916208833659229
2098916118446342208
2098920290868764676
2098911639827329365
2098938372685439382
2098934988297089403
2098927384808374619
2098963877039923699
2099010040501780822
2099001127043776959
2098963427431481732
2098977410850996526
2098955627699536095
2098952234314735874
2098975497921204536
2098969186756104463
2098947152856707353
2099010366512435628
2099010137780351006
2098989411954200844
2098940004319756578
2098955216628433306
2098947410273665071
2098942338034696282
2098912631490859187
2098914897211887722
2098967097178996757
2098969919702327484
2098954824100507798
2098939079576437219
2098951063025934592
2098947559058182329
2098864864680665451
2098971233924624771
2098969931609956541
2098954821185212912
2098984564479631761
2098981190472511820
2098984600240267763
2098979362737471666
2098975392887345661
2098975562823778338
2098977191585305027
2098965526563197417
2098948602567463293
2098972440546172932
2098952332587229552
2098942079715983572
2098974458266472456
2098960234387542182
2098959638913782070
2098994714573775093
2098985636925497423
2098978379550609523
2098953959880671530
2098922162673332309
2098942697117458788
2098955598742057155
2098945166497210511
2099010638139806025
2099000120259858831
2098988280297496668
2098995543242379597
2098985418976870679
2098985375280615514
2098978525969555635
2098970308724101557
2098958456380166402
2098957742413140046
2098984872324845733
2098970094416101566
2098961459745017999
2098953600659603876
2098982289782813065
2098970211110011330
2098943019974111322
2099077293196894401
2099073312982790153
2099073065225208022
2099021657574629513
2098968777442357641
2099083164727804157
2099015545047728570
2099076174932570455
2099084947445121462
2099136112308449484
2099135609155596716
2099135037937528937
2099120717291827391
2099109233702617156
2099124705567400083
2099143565289070874
2099136020172169341
2099129111784357938
2099118424630730834
2099115286397911461
2099115023687655586
2099141195330990428
2099137292866637869
2099135599353491795
2099145363122761780
2099123740449632355
2099146302009249862
2099143911771885726
2099123933790552184
2099128027644924119
2099114137628418230
2099112356781469735
2099142666407592051
2099136813872947401
2099131585828127165
2099144265695736218
2099138207455543421
2099116516377501936
2099147367169552406
2099143563997311256
2099129085100224683
2099137332288918003
2099146771377029571
2099140795102089721
2099146132802699470
2099143623883276657
2099136223847612662
2099145552638235086
2099138534426779668
2099124689121460650
2099146121083781300
2099097594999791810
2099097422987202626
2099124214968046038
2099114326061690929
2099106390409126233
2099126655469940966
2099122768277111262
2099115144823595357
2099141340101484965
2099141043270689025
2099140648913822184
2099121900802695471
2099144817498333677
2099147612150489581
2099136948103188839
2099127055027769482
2099120041602019488
2099119975822700872
2099119902690783438
2099148569961693523
2099139738485539231
2099136397298782353
2099114253345021967
2099169694066368842
2099153177324945738
2099191261882179607
2099188776983515572
2099185336492397009
2099180188990886099
2099163437196554645
2099170689911513480
2099153133532311897
2098786650574700948
2099169877936271670
2099130921983041640
2099133214367309923
2099188862660874552
2099181000064397684
2099173762004570455
2099152486791565428
2099186385521459580
2099165035587043679
2099182131956076635
2099191205305163916
2099176658192265715
2099153641009520997
2099164906314465459
2099184404371263817
2099183364641042572
2099181251886260379
2099167275857092673
2099185748494766120
2099173985179054510
2099170139925041399
2099179227190874342
2099176333309845975
2099172919507128757
2099147678789603817
2099184546398851148
2099182600875106699
2099167973898649838
2099177687499608483
2099159493279969372
2098938711152980326
2099181312015761474
2099166212307706136
2099161312697684329
2099168388886970471
2099191266537783393
2099186617332216074
2099186629504053368
2099161664046158170
2099191525653545376
2099173694710907191
2099193568065703970
2099193541360550258
2099185142363300169
2099181432694341933
2099191645879009484
2099190667469521181
2099185733869216169
2099190342876598415
2099186394065182831
2099175392292557204
2099189743137562945
2099150286581334123
2099191545815515578
2099189366589415488
2099187558596911262
2099191718209900942
2099179825780928925
2099172099428434390
2099151115342279061
2099176856951849376
2099174206776787186
2099159489983250901
2099192861359055042
2099182205465461017
2099170146082308479
2099186170236186914
2099174933850972405
2099160065592774711
2099189091401183256
2099178794984607989
2099151452560105520
2099200096478900470
2099200110362079586
2099214002060480530
2099206488589844878
2099205810286887152
2099199535084150979
2099218420038553644
2099210475607396555
2099205832126648379
2099192992854872478
2099219061628719556
2099211514238599679
2099203962545004928
2099217401028001946
2099204796028719543
2099196839262032219
2099207154456469987
2099201031787974787
2099207374649401460
2099209499340849435
2099207224744988935
2099204159647965469
2099208111735140817
2099199309447102500
2099194159546368378
2099194697172271536
2099210444808544479
2099224376285732942
2099225534764888467
2099196193158939097
2099203344715710869
2099225257466888360
2099225267201863737
2099218883898917031
2099211511218729429
2099204070388924503
2099204293652021338
2099206701517873476
2099200576231801296
2099194392619696416
2099222895356752222
2099222946724057156
2099222960569454673
2099217144181366849
2099206845600522338
2099224580992696373
2099220617077624882
2099207437437858026
2099200246966276522
2099226613187834332
2099221576839213565
2099216543716397277
2099218297006755964
2099214649354826035
2099209869756678178
2099210702657597673
2099221992452829473
2099204240346423435
2099198862673985692
2099212408447189330
2099221617968652554
2099227159898321217
2099216033009570092
2099209230452404227
2099225726432194719
2099205174174552405
2099221945782833580
2099215717312901370
2099211689619009938
2099258411862958259
2099241635599245656
2099232341411701072
2099256711760539998
2099255343620759706
2099250060013850632
2099259166632354217
2099228816958755111
2099254860977787164
2099248764045168838
2099230637706092768
2099256809634890162
2099240427090039002
2099226832964894834
2099225784896327703
2099237801187225740
2099248045678379081
2099248007677874553
2099256818048631262
2099249261829374226
2099245980231278827
2099251345291153843
2099255081032102202
2099246979570114879
2099258707792334898
2099235161049104678
2099243735733194845
2099239797093015838
2099234763743637935
2099234302730842235
2099247501962531044
2099228897963590115
2099259377777566162
2099249322172834130
2099230268766982232
2099236334795641040
2099256823815495858
2099241711591727239
2099237074016535017
2099245694674465251
2099241081699475759
2099258345622233218
2099238722529042770
2099249974932312489
2099236967883980891
2099259245535412567
2099241716012163534
2099259842913345826
2099256926404055108
2099251159026262029
2099257727583232492
2099256810855108611
2099244501067837923
2099251687693115475
2099252344445903160
2099231731828105362
2099253146488799440
2099252009136254989
2099245440365367663
2099257178360287348
2099258630176383080
2099253612861870146
2099242078391697917
2099241714250883339
2099260989073989749
2099260939782566048
2099249586263019732
2099261214580756831
2099259634494083426
2099258373686378648
2099261635848183916
2099259747840966908
2099258493031112815
2099256817100726413
2099238619462451481
2099248001369940271
2099247768355180657
2099270329247949021
2099271822525009976
2099272343554064700
2099289744962121930
2099279999677124909
2099278901058945070
2099290384287269360
2099270451327615471
2099287731817877906
2099265716490825989
2099282282670338162
2099272345189786051
2099264046478274863
2099268222730019225
2099284491319623749
2099275684136837128
2099271910433665086
2099278595394883981
2099263359845576786
2099285961129533442
2099280454654234912
2099278135564943366
2099282243210375643
2099263039564369962
2099290023308730668
2099289805141999778
2099283965454778694
2099273078085746913
2099272164029399358
2099264358677172705
2099284285656043531
2099263034862821717
2099285151108731109
2099284497439113281
2099283901407510583
2099261795760251027
2098940556231471149
2098940526972006816
2099136565247090754
2099284348318916636
2099263277276479694
2099263373464551639
2099264571768799480
2099274560243634539
2099274572855943598
2099287696443052273
2099282537394897013
2099175822674325985
2099272738909130823
2099291129996808320
2099289065631646020
2099285525639139743
2099286377846190118
2099271273931063420
2099291139727589589
2099286874657304753
2099281844176842965
2099289149488460093
2099282405940937060
2099278920201773083
2099291135151571321
2099283521902678216
2099272366840832499
2099266868305358885
2099261797245063643
2099292496597524595
2099283952099831820
2099280022062162144
2099314868650234271
2099298332698968384
2099348830550425664
2099347212689957232
2099330096548995231
2099319275144028518
2099313855444774971
2099343294786372071
2099336177237004331
2099322852323250429
2099328828208251370
2099317232383750438
2099314855350071722
2099297322047844618
2099362126225698910
2099325113388654970
2099341888301981997
2099328955413131719
2099317852746461555
2099340246907334716
2099304326778835210
2099302609580396829
2099351281512890784
2099354279769231831
2099351990060925353
2099306329726685363
2099340208642617422
2099341653274161501
2099338766124982781
2099320070522491283
2099309805491933678
2099297678806958220
2099344935312880075
2099344062864109955
2099337811237167352
2099342860537442779
2099328595927748692
2099339857898430776
2099320765690601540
2099317211450269796
2099309368432795975
2099308433283436906
2099339612669739036
2099332771030212956
2099332313591198101
2099317211370577995
2099312765961736429
2099344116169556187
2099307254155534801
2099331132131020949
2099304227642454110
2099324868286185541
2099317018583298358
2099315701026546032
2099363008862437727
2099296965850710336
2099325161166012909
2099320509255020904
2099315104483266989
2099293104268292398
2099336131732992087
2099327266438238573
2099321032175763610
2099347411890036765
2099336693148983719
2099328778417692821
2099320210075365861
2099312708667498594
2099354359372911052
2099350599888232752
2099340096948314425
2099341635238662269
2099338981880057913
2099316720918008047
2099315780646998233
2099315108971196486
2099308067783364942
2099334936922636609
2099337862063763482
2099327662309216455
2099313863170638096
2099328756238205218
2099317739340829052
2099309804732719606
2099331003328213342
2099354029331501256
2099352614429176284
2099337444701180240
2099341668130378063
2099332973166301203
2099329402416812266
2099295974355267735
2099423999335780720
2099381716385227169
2099380304381141028
2099374262867898637
2099445553285439782
2099445241216450831
2099336400168489074
2099251811307688445
2099438493537563080
2099430544639435143
2099410718558703681
2099438747859218533
2099447721719460218
2099439977251639393
2099436693111607383
2099447922546933916
2099437953957122458
2099430468630224972
2099521013188903369
2099526034408288462
2099516057085952481
2099515646425887038
2099531718315196484
2099479173433643211
2099527671554159017
2099481128260251982
2099498973606084927
2099481223177396414
2099523146600632398
2099526449325559914
2099525873888047456
2099523045157224879
2099523048378376481
2099523052061032566
2099529346113315115
2099475703011979390
2099527713966977300
2099515621696262640
2099515063702884770
2099536535485862302
2099441017355116626
2099537054388408682
2099534299204563183
2099531647255187948
2099528104985137254
2099528073104302576
2099498873659998661
2099492055772774799
2099465859370483889
2099522443249438852
2099474131980837158
2099464968491905379
2099452080008114546
2099476227794866516
2099521277635494342
2099514334573420658
2099512456796098585
2099535841395646695
2099497864153960604
2099535357037453334
2099534508731052530
2099525655591334035
2099528920504643618
2099521430996058596
2099514752690979003
2099536500585025613
2099532589358817546
2099525431493816627
2099536678020936129
2099536569673638054
2099503535322808474
2099533698982969794
2099531612417400947
2099525341618299014
2099519892969886065
2099513514477891956
2099511972253331470
2099509434741375248
2099531521442881687
2099528172236570941
2099516805417197750
2099480351550632232
2099501162852438027
2099501356411175154
2099537100521480602
2099516676513452421
2099501261011710324
2099515525290172866
2099515115439612155
2099514430450999657
2099535763587129659
2099530499085550032
2099527795122880950
2099508281970450645
2099533690623721973
2099527745331965994
2099512480305230055
2099536152793395665
2099528614119387487
2099521052959244587
2099530241072828870
2099524340119224613
2099514025562284065
2099535585194995907
2099529900453400759
2099529864453747140
2099500064741675165
2099514836157645191
2099500864419274851
2099535024445898789
2099508714159939896
2099528130834604433
2099521832361525295
2099487385016823876
2099517215913464249
2099475754811580667
2099517388488118768
2099517835961680110
2099517504334819684
2099537017348485462
2099534239171555463
2099529074649465054
2099537487743861050
2099536333450469775
2099534751291810080
2099498100070990272
2099496620463112193
2099473481121304795
2099454485042962681
2099454346501005455
2099535681882054874
2099533089999311287
2099527006605959365
2099530981094895805
2099530945413951717
2099501899196109200
2099538562760818900
2099502132558958721
2099494022704414989
2099529358805287249
2099524949237018988
2099524250314957102
2099517614753980753
2099480747325166061
2099477592692973851
2099537796826349890
2099533986871517539
2099516530358685980
2099520668568011107
2099518741067321516
2099499455300927792
2099517541840228838
2099495878897672611
2099494790022791599
2099532653724627284
2099522208179621916
2099497335822619040
2099537464457101774
2099534457724142032
2099532089884393485
2099534618214957485
2099533528090218700
2099532883236929844
2099530553494032829
2099510367122543069
2099509018217656409
2099488648219505004
2099488596243694041
2099488539071189072
2099532184675590352
2099522793314349433
2099515365260759144
2099533189962170674
2099529071277285532
2099524427306127515
2099538535774572813
2099576474990768190
2099589339650867485
2099582563618582854
2099551236894674987
2099595609359462421
2099593015660523771
2099589677493743764
2099595051970035997
2099595077085507759
2099562397702754384
2099570671860789401
2099556389848846650
2099583017614196933
2099580032133824841
2099574791309005091
2099596732543672589
2099539482424787303
2099539486287819067
2099560065543938420
2099558410488348920
2099550176499183787
2099543709540896971
2099596549080883517
2099588998272258467
2099587208369872990
2099581209294541280
2099538011922767997
2099588408838336767
2099566023590477871
2099582748486709685
2099578514802418165
2099552154151182511
2099582902233108897
2099589766089945241
2099587821006643539
2099586777426145384
2099555467722670214
2099548388786143403
2099540463896162359
2099583108357980485
2099576305536655452
2099569469882245126
2099579077006876824
2099572672875155533
2099554240658055551
2099596728433295507
2099592958303429109
2099586759906439247
2099591960050749566
2099582982881218646
2099576815098515817
2099584385452278237
2099577244419019187
2099540128397971776
2099540911898128511
2099574242748641280
2099572622493106619
2099596875372319174
2099596332495241683
2099586057834475673
2099591909182230979
2099586077530915007
2099558791457177970
2099578921498943899
2099592191794442435
2099550874724941860
2099557489956053049
2099541415227207989
2099541441248653396
2099597820437107030
2099597888745603094
2099567521523179799
2099589530705662372
2099592982177436078
2099591811022950888
2099553989448638673
2099540752686604412
2099572960503763245
2099552881397453049
2099581415138480163
2099579434957181294
2099592795333812624
2099572444423917764
2099568049615425955
2099591107575157114
2099582573869453734
2099576725893980550
2099586297778057363
2099550909936067062
2099543706663821686
2099596730480161120
2099548270494097919
2099547267065651411
2099585197045895560
2099583568502456743
2099582394911142207
2099543447896043742
2099576099629858861
2099583438219071939
2099595425334313309
2099591337834131627
2099540325542838492
2099551458630766841
2099597911336063200
2099594410669264946
2099548373929820233
2099573903031202044
2099543057452421260
2099572724096000077
2099598085869506957
2099597920425189677
2099598846988861850
2099590315589997033
2099592518153199839
2099598051182571554
2099596534329356432
2099593155247006151
2099580683723194676
2099592135020286257
2099579682073067902
2099595257205690709
2099579622534861081
2099564809633124404
2099598277196787831
2099595027605324244
2099589892741140909
2099584355316150493
2099579246293180654
2099578169221173605
2099585834320044053
2099583557375021498
2099581054969348604
2099599424494137383
2099598351427662182
2099592386846265809
2099559090079100973
2099551466281173483
2099545430308663778
2099584347737129279
2099577219714629856
2099558817885200529
2099599278331072678
2099598565504913712
2099567163703001119
2099561542429667676
2099595162930274365
2099589626138661297
2099580372375736635
2099599046344138951
2099596508899180710
2099594705579196437
2099598803124777466
2099597092889006430
2099594708037066853
2099599729394938258
2099589710855201160
2099583750476546366
2099597362352009276
2099571344547471707
2099565073681272876
2099557871742533932
2099583970002272685
2099583835511931281
2099555861987238212
2099640554854260958
2099639123828981780
2099620132653817869
2099624230166176156
2099640441259905200
2099635208567804167
2099632643335704729
2099632258206302329
2099632294424150269
2099618820604231752
2099618845862297824
2099617389256057338
2099616349966286985
2099600221957239218
2099628429977022923
2099611308819685730
2099602993381355967
2099605719544651984
2099598634182414665
2099600138175963446
2099613884885672228
2099613439882649863
2099599771614806493
2099609104238924103
2099603325683466321
2099634299804717285
2099626746530484425
2099619209848279275
2099629011823382880
2099628747666141470
2099627818384605364
2099637299373887964
2099633468669899217
2099603673131229238
2099630696834769279
2099624291746697371
2099619503130677598
2099632550381588554
2099602631505146199
2099597771577684231
2099598535154864209
2099625546254553316
2099612121365397846
2099603746644709537
2099605025706184999
2099598267407319435
2099638215011381293
2099634937926205809
2099630650420609092
2099638912624869530
2099623642048913878
2099618235217776661
2099634270759186537
2099599038706307535
2099612556671258808
2099638023402950987
2099622500409749910
2099634305035022643
2099631854856876467
2099624230010884558
2099639911292793018
2099634587215282191
2099630974619341298
2099615711945445485
2099612427700572476
2099600325074174176
2099611142876254212
2099611654715543792
2099640666510750015
2099640358636331190
2099639546870698075
2099606133618974817
2099623456933351918
2099620572707672571
2099618841609338919
2099639706707206375
2099626194899509536
2099622368884732265
2099639962291278029
2099620766094332055
2099614887403987087
2099633255813111835
2099630319603265708
2099626554200375780
2099641656735646123
2099641673617678464
2099636501038379358
2098738094790881703
2099608168468738170
2099612873722909134
2099615978841591832
2099603245140250899
2099611146571362506
2099610895391265147
2099613208679940248
2099641899107651729
2099638489352393143
2099636220825399557
2099641706266218844
2099636623876964385
2099632885116318125
2099637893065040177
2099639792858235114
2099639630270279873
2099636956359495951
2099635682813562892
2099605703862145173
2099605580759359567
2099637805651460220
2099637260715233531
2099633482477486259
2099627876911915265
2099637289773101226
2099636358708895928
2099630206621213128
2099613516994859385
2099621670843478219
2099633285122916394
2099627319077777521
2099626266144002489
2099631518528200934
2099607440492757373
2099600957122158713
2099642012685238339
2099634897425932703
2099625700525322449
2099623462704660621
2099620960152211936
2099618906486784357
2099621697481576570
2099621529197687028
2099619444062351584
2099641764042670562
2099630214233903258
2099620081202241791
2099636251909357812
2099630878347469181
2099634200521392637
2099633447094387073
2099632226010911178
2099662478363795724
2099674727086170282
2099674359178654009
2099665151683141762
2099650945218982011
2099669254995865696
2099672217881653633
2099674695037514156
2099671391792488560
2099662161081430285
2099657960762819023
2099657926885380576
2099653260214747222
2099672046426857728
2099667575395233890
2099664501612195901
2099671452911837219
2099672645126038007
2099665065871802865
2099642042821349571
2099671940525076974
2099645079476486564
2099650672756986358
2099644443267629472
2099644268683968910
2099659252130316712
2099675984429494727
2099672203323228338
2099668396321177776
2099669663785386272
2099676006864900185
2099676754528829875
2099672048226504711
2099671848434721109
2099669547213025680
2099643504637169991
2099642646704885949
2099671121524031772
2099655230409318642
2099660872427741649
2099655592772063389
2099672107294630106
2099666934845293047
2099661930898296848
2099669913774211314
2099655653589700757
2099648313872032089
2099646356444909815
2099642847393714491
2099671182928748775
2099651149326389421
2099642907254743388
2099669088029090098
2099663048164180104
2099662674665574720
2099671079434273196
2099669514623332446
2099648008530923728
2099667686112325849
2099675342365507628
2099671128155328878
2099626811780952194
2099664503516360972
2099656287193542950
2099651660717174794
2099656789398626636
2099674724473151716
2099673915983352000
2099673408820637843
2099649895082651832
2099648263112511643
2099645334779490360
2099669705275371897
2099651521176846349
2099670574783995996
2099668951995150797
2099663058620563716
2099673303585632744
2099664501616644484
2099644841718129087
2099655664138088762
2099647346216776048
2099674427621339365
2099655580382294439
2099672257094189533
2099671895293468876
2099666236485292525
2099673660030099945
2099661052245885323
2099668270676853187
2099668270374891947
2099657449196126450
2099663973985464729
2099643468897230988
2099678245612298320
2099656366126243965
2099654105035599924
2098852706936840514
2099253756365807685
2099748341181493517
2099739308391379413
2099731326974787829
2099679126806544679
2099679148331487480
2099710347296788547
2099687366680051742
2099720919023300703
2099694969707524168
2099701368441197016
2099685581143834697
2099687715990028419
2099701876635668887
2099709439976616034
2099724896788181309
2099717344620597544
2099709799248404779
2099691078706163859
2099681346025083275
2099680350687388045
2099706422493606142
2099707429290115393
2099693817007935850
2099711588571770976
2099692195921973606
2099687246303469893
2099713688227766703
2099698578616688968
2099695095087780026
2099688647771529501
2099693230237397368
2099698309317185716
2099709796408492459
2099705699131351547
2099685377447469063
2099685017592934437
2099680989622509951
2099611350917910780
2099680544854290523
2099700200709275781
2099697744193413562
2099686392003481944
2099709031749124314
2099690456044957870
2099710804501135522
2099708900635246881
2099697811507822616
2099679765456167217
2099700700598985183
2099678980416692541
2099678362914480468
2099753740085391530
2099717962034782644
2099714012090970408
2099707361489301807
2099705424438079866
2099688457064853839
2099699900556378121
2099699905426014571
2099693614368485448
2099719574895681835
2099703347762634969
2099701805357601140
2099690878554017849
2099700802524774524
2099680355036934150
2099721771419144652
2099694602911465841
2099700603123315061
2099695102046167278
2099687310048596239
2099684731751117223
2099722457825325447
2099721255951720829
2099717439973990544
2099722656610222266
2099721415737933898
2099717642541993995
2099682044183793871
2099709946220740786
2099693063949934718
2099678956433584393
2099833656017625464
2099832236623155418
2099830843266974145
2099819886050451891
2099835753853227281
2099833730655252586
2099830601314623680
2099825964284874872
2099812297124237591
2099834572749910415
2099826821709639944
2099835947256856924
2099832459705663820
2099830680720953513
2099830599565361309
2099820751054373052
2099818411698147667
2099817665976016987
2099835098812002715
2099816127949849064
2099836288224436261
2099832755680874567
2099830599313940677
2099824874332016693
2099824258645897293
2099833985291448801
2099830597745033341
2099831141268156439
2099830901274276236
2099824182162751943
2099833109076127863
2099832803080708380
2099827637900190129
2099821167443931477
2099821003362742741
2099837255758049562
2099833280736497982
2099831346289938715
2099830791673151917
2099826821504155796
2099823972401479870
2099823257213927526
2099823143720472976
2099816835172507734
2099837280244383792
2099836168950944239
2099834543364509930
2099832002585235517
2099831422181626166
2099835362033996096
2099907260063318349
2099856828775436468
2099895332398108763
2099908440936296514
2099894424197103938
2099894225277976857
2099862336349540611
2099845364580757778
2099875448058454175
2099871686510162118
2099851176678211679
2099894762836730362
2099894762644050397
2099884649027649580
2099840945684373947
2099906518799855956
2099902673323499877
2099900289977298946
2099878986276831604
2099884888929259681
2099908066124746948
2099907661605003617
2099904850678968438
2099894859184357586
2099903024424538163
2099877441518887297
2099866513607962902
2099866241724719328
2099901040434778429
2099897434813993060
2099896623367070097
2099890058656469405
2099909333429448785
2099904938822213669
2099899348674916849
2099907223732297864
2099878505399857418
2099907071776817188
2099903770318483561
2099898904540013043
2099905890727969266
2099881176114553342
2099869201364033687
2099901792586784809
2099893384852771214
2099891137980829826
2099887233612361792
2099882134538277206
2099877054044852451
2099906094097223759
2099903381338829202
2099902475222257874
2099895064407179593
2099894460775538818
2099880758420656619
2099906943536013730
2099902716281495664
2099898136508706862
2099850022250516787
2099850304669843681
2099839607709880759
2099909916563472785
2099887339174515000
2099848779348291634
2099596549332603125
2099606905698058545
2099606981451350102
2099871154047521170
2099841514662699289
2099871934137733424
2099871731489903040
2099848110931324939
2099910024604590305
2099906112292061206
2099901217589608579
2099900939553370572
2099896260534669546
2099885425464660426
2099880501796298933
2099859017803719024
2099857306099786123
2099899243003511279
2099892945193222297
2099846813981249969
2099865712177152183
2099859590800171482
2099842125537890357
2099906171612082324
2099894827907239971
2099890089962733662
2099873979624230951
2099887039030190335
2099869576733278444
2099907409992884669
2099840520822403162
2099881941143073252
2099908873754705983
2099905925398048836
2099902089048539169
2099878704813850993
2099617890215309612
2099892727114522911
2099888573302370679
2099908669232046228
2099908669777318302
2099905620128215278
2099907952261910739
2099906280412299367
2099906088548134933
2099900976618475688
2099844797397696648
2099908092808810990
2099901614840565813
2099897600195367179
2099882731060539555
2099873141195501999
2099872187117105340
2099910026739462153
2099906408909029751
2099876781373198709
2099908939408191580
2099908898887016931
2099902084065767570
2099896021199564957
2099854247319814422
2099839294273995246
2099902613105868857
2099861792943898889
2099851209372815492
2099875890352050515
2099910339219316882
2099906828767277084
2099877767684804987
2099909384276963615
2099907549868749260
2099903815482785867
2099909996859236496
2099908186312450070
2099896436406006191
2099897159873110455
2099883923027231013
2099877880947773526
2099899936363991322
2099897857834725410
2099893628659249520
2099900171387592971
2099892414664028635
2099876990157238507
2099910858222846311
2099907179914354770
2099896204284833971
2099936292192841791
2099918699075404231
2099946948673388618
2099935216488059386
2099933008245445016
2099934500171956488
2099913885293654394
2099924068686274971
2099950585118171323
2099948436422316430
2099954695737602054
2099942466107376097
2099941140107530728
2099930701910901047
2099925051038658781
2099951929082236957
2099954652569645102
2099936287180644370
2099932600643060147
2099929659240542705
2099954600384110953
2099912920817688659
2099941652588601721
2099945630466769130
2099918623988928731
2099912607922901000
2099947642126319644
2099934764753138166
2099916646127173975
2099945287016145147
2099940986881462312
2099930105409679797
2099927934509125667
2099923402362401271
2099940777321218135
2099937750547861955
2099932938246717822
2099941001146032546
2099913717974454385
2099955328188047392
2099952088876757385
2099943859115454883
2099917199632683396
2099913000358429026
2099947875417362727
2099931298127069583
2099920631965810852
2099930204684603710
2099909438102540533
2099935639928197617
2099955870557704210
2099954463108706713
2099951388377710962
2099955836835467748
2099953471357079892
2099945355781501421
2099946118620569911
2099943231412637821
2099940926445539638
2099956149743129084
2099956168818917416
2099943083253105020
2099943404922675534
2099927832764051475
2099910371792257278
2099949192621990111
2099949236553162902
2099935226680033726
2099949440404435333
2099883441072332980
2099892209411564016
2099955201386090688
2099946507508019481
2099941442408071183
2099938535830667318
2099954825094164841
2099938451777016259
2099927769450754436
2099930365196423330
2099925650853294126
2099926660401205661
2099922859456135675
2099916133360951605
2099947221496058179
2099945340199911508
2099945345023164734
2099928215917658541
2099932971222315317
2099914521116889443
2099951700043788640
2099943548967600347
2099942209000796419
2099941062009552942
2099923034412822689
2099950163481575503
2099950422806925382
2099954751978774729
2099954559636357436
2099951452403712003
2099955724579221786
2099953137989607594
2099951390462513430
2099927226703626358
2099935083155390971
2099957059227656209
2099953316415357376
2099950162860798409
2099930018541347124
2099929357657514144
2099928877355192573
2099924292343349650
2099950138449965417
2099948078912643380
2099944852276605132
2099946847536050594
2099941861712363781
2099937388218679365
2099943838303326690
2099921461796655195
2099953982906995014
2099942323933053060
2099938290166300700
2099949264801599620
2099949059905630308
2099948650797392317
2099957812109390226
2099952021293990318
2099942906693857289
2099949411040125350
2099948459696464290
2099947491869221017
2099952620689321986
2099948015045714257
2099945891431891346
2099944268496245179
2099936286307975470
2099929039175635254
2099924657885380883
2099957375876628487
2099952073475248261
2099940631376224395
2099955026089451977
2099941671974875456
2099941527283958244
2099994391280545804
2099991346610110737
2099988614037786675
2099992186209075636
2099975524437098747
2099970511258472849
2099959070593520110
2099994009548488833
2099983082086367612
2099980015840448873
2099996352134402327
2099996341644542150
2099992909332242816
2099989135414948019
2099985359929024597
2099961409379377493
2099972331883962557
2099971163040686284
2099994494619750619
2099984740488986733
2099974630148620580
2099982429100417288
2099993204154147204
2099987600559718780
2099994586940907694
2099993372756750513
2099980610735341646
2099993701447618835
2099990402044506200
2099971656647131405
2099993578030109100
2099969016022335878
2099993043382218982
2099989295956193788
2099985498265555327
2099979733823889469
2099975136451473914
2099974147824636376
2099992023977627939
2099986188996399136
2099975236049313872
2099980292530282991
2099957347405664294
2099964438816153955
2099972620221284581
2099996689738158167
2099995483418542211
2099994548667609274
2099996757669146660
2099984423177343453
2099980404543439126
2099959858686542207
2099959206711357629
2099979052408771018
2099969955500273978
2099974159707369935
2099966033045946868
2099982192277352542
2099980522222997619
2099980495459123541
2099963670360924198
2099981442902077863
2099973330912575561
2099995645373530171
2099981728324407347
2099975116541022684
2099979517649424569
2099973360851554728
2099968348167565783
2099997621209235465
2099993098449260717
2099995009793614198
2099994045770518600
2099993492726423977
2099994741429465195
2099994076137312365
2099989850690638038
2099991811762585630
2099968469286457844
2099972979031429373
2099987221348516075
2099980589323477294
2099980609275736290
2099958675972489407
2099981588658544727
2099981453840752850
2099981517946523880
2099996715491152087
2099992970598498497
2099988771957596515
2099996428462395729
2099993070653604013
2099989241769926848
2099977511262150804
2099985214760251848
2099967767491363095
2099995688239079519
2099993756489363508
2099990280258691445
2099989415275991301
2099998048227295720
2099982891581350343
2099966730835505377
2099997077069562051
2099991207443054727
2099982699758780702
2099989865769111610
2099984306525372526
2099974652445495624
2099993250228846628
2099981297342886212
2099977412435943493
2099970221217878271
2099719541332885511
2099966659318440361
2099997304455315578
2099991772562677972
2099988002382504333
2099983228329230783
2099981547730309161
2099979058482233614
2099981420613493112
2099977903559586260
2099976334411727348
2099992018751468010
2099989027805958278
2099982461203525638
2099972776891236827
2099958937776800172
2099986775686943139
2099980689114275879
2099975782541983947
2099986677725012359
2099976679229981170
2099975387887653187
2100010361713762430
2100029905115271514
2100017565980336349
2100005926799376532
2100007429329113418
2100002269051638055
2099998355707301913
2100029424934506700
2100011294963249476
2100019181789819276
2099998013049487664
2100019587878113352
2100011785411564007
2100025968727363763
2100005583197794816
2100004146476728352
2100012645084500397
2100030372264251459
2100026887724478551
2100020158236410360
2099997596601192720
2100003025880318026
2100027237806272753
2100010810181362137
2100024742950666333
2100022473936826673
2100021198184984799
2100007152672776289
2100006271520780611
2100018392400814153
2100004987946389535
2100030785763885544
2100027333713264919
2100023229733618143
2100002468083982803
2099997835852706191
2100004902294401067
2099998041415807131
2099998062307340458
2100019545931198780
2100030776930705577
2100030735125999825
2100030210095591836
2099971626230038827
2100000896071389358
2100000068598210969
2100005100223627516
2100005110793286131
2099982815005675540
2100001476521124303
2100028293634195730
2100019162500194653
2100013873935863843
2100007294327022029
2100030568511500592
2100018026263232571
2099999148716281920
2100014178513920408
2100015214846480875
2100011971865133248
2100011140545757434
2100026522736136282
2100026539123372511
2100019334542234078
2100026954032304150
2100026737761358142
2100005211343355994
2100033225653469481
2100029452960850074
2100026959719797044
2100032231204950170
2100028352828453186
2100026891889430851
2100011081674436636
2100033568634224857
2100024482257657958
2100002437041906140
2100022846563234271
2100015273634062714
2100001163265405069
2100015012743946506
2100008742397850098
2100008502714421488
2100026887837831481
2100004691794927706
2100028642709459349
2099999955440255320
2100023316459225389
2100018181565788583
2100017963680030726
2100027338696110313
2100014431581118608
2100003225411739700
2100023108669444424
2100030997739786464
2100030547984556133
2100028188436873570
2100105778807939307
2100076237389541716
2100074577367912457
2100041490000969981
2100062127570460733
2100031864626987145
2100073051874328897
2100065973705351592
2100045671168409842
2100036788257493217
2100041735892021329
2100040890693681534
2100035132639850563
2100084948707213323
2100049644390592940
2100036378687889556
2100035824314155331
2100087280983793697
2100079731567923625
2100057094929940725
2100049199861469669
2100049809788829859
2100046425383924193
2100038672674357701
2100052158120903128
2100034565066662032
2100057487298719804
2100053676479930721
2100049684123291779
2100067317430301117
2100066165921898826
2100062849787650220
2100045179596001743
2100040606156210587
2100069665116692873
2100065780037497133
2100050776336871541
2100081531339354580
2100081557142659570
2100065074123616363
2100064362274652392
2100063955855065491
2100065462621032949
2100048510510899320
2100061516267499677
2100042171592134708
2100051922208125047
2100051686110753161
2100056028490420453
2100056038477013404
2100051068436504984
2100066096975925509
2100061734950068561
2100040751908307338
2100049819939037267
2100074756334653480
2100070982912213297
2100068457555308676
2100102386295718309
2100071668223738081
2100065036920144383
2100034841513517238
2100102905336410175
2100081139679396221
2100080578380898694
2100054474697974040
2100049138943447385
2100046650496483334
2100068382468940113
2100054896691015890
2100037356438856177
2100057484287218148
2100049807280632016
2100042398642450658
2100056078343864334
2100044096001679770
2100039783514800635
2100077950242546062
2100072639431655632
2100067001569808551
2100187337384693985
2100182617907691861
2100139945339781500
2100183546648236400
2100189206177833314
2100177878100906323
2100170329595215926
2100187316509622392
2100178487071883646
2100174426499121570
2100189975161487840
2100179722571334048
2100179115085123888
2100178506915193027
2100189685519667533
2100053064866467903
2100189163949613356
2100161278010347529
2100185491156931033
2100178487348752415
2100178009097384031
2100191286707822855
2100189474323878392
2100189020357599708
2100180639215464650
2100180329277407596
2100178506336325791
2100163499544424595
2100118102541308287
2100191280592457776
2100190507833885046
2100191319247196189
2100187650254577857
2100185053183578592
2100185649307603065
2100178867218452626
2100191815731232901
2100188048528924969
2100184516123877424
2100186821246226576
2100183529963348051
2100241902696112611
2100245387617399293
2100244826520195320
2100239849269686559
2100235761299734958
2100235764525154464
2100190703783395642
2100233216581890396
2100210810286907763
2100192991789130138
2100248522377359750
2100240228891983929
2100232918136140068
2100200529523822916
2100194537092104672
2100247288941514982
2100245905047769399
2100247268464968093
2100204542251979146
2100247861069861106
2100244204056162790
2100244121185042623
2100221959216758809
2100246195905962020
2100234102788014165
2100202402192208128
2100200094033215568
2100197695553994847
2100193853919694930
2100218845851980094
2100230498219970994
2100213068319863142
2100195127847235747
2100243028044632150
2100240812986519752
2100237836192481658
2100244705816547620
2100242858678612116
2100236449480114674
2100247098805366832
2100230161975091665
2100249059193733149
2100242387456942184
2100239723012731014
2100235736536477738
2100214441006518452
2100245405342544160
2100048123653501333
2100243376268263905
2100242197702492393
2100220783700172961
2100248567457694143
2100238276414128562
2100231322476110173
2100241518296433013
2100211488577204254
2100245438964097116
2100210651503239189
2100227535120339181
2100233548682686546
2100229070092943654
2100212351265857847
2100214680060903616
2100214689988833414
2100199954715140346
2100234985189806306
2100243416416153939
2100243413547295106
2100208089903345675
2100227470276358174
2100219908172697818
2100234387686088865
2100224753634029715
2100242485058343003
2100240523613049034
2100237651525689373
2100248354173120915
2100242336206750015
2100230162704892241
2100245826098663441
2100238285855752691
2100230729871343734
2100242593749606517
2100249525227000174
2100244655258427585
2100243771933811133
2100213165413855600
2100211744010387867
2100221055310729230
2100249139946664071
2100210605256782267
2100243396333916650
2100230956753846682
2100211726557843959
2100199642499555813
2100237917654303055
2100213954945409518
2100215269947785244
2100200531100647792
2100223823735923130
2098148950511648998
2099972628614115592
2100247391429435636
2100239688296525935
2100249943193640999
2100244700800164025
2100241791362466104
2100249482948387161
2100249101099040809
2100247089120690232
2100245455598760059
2100245377202987498
2100243349387014457
2100237078877340001
2100232426429497824
2100206077790830593
2100243372023619686
2100234876225978478
2100226245648916876
2100249890378899933
2100248696843628642
2100239951547764775
2100242789904629906
2100231788362699090
2100201830487847374
2100246894299447496
2100236415447543982
2100212157484876035
2100244590196347051
2100233991555072308
2100226259250815374
2100250172571709550
2100242225825231286
2100236506077991126
2100248201638899883
2100247116350165338
2100244234305417414
2100250114950328693
2100247512229560395
2100244509376291070
2100248080649978136
2100233490176327701
2100231015100751902
2100201885823111224
2100201812036862244
2100201724518559864
2100250445096656989
2100240471108792702
2100231911209628067
2100246280425423123
2100237273044271424
2100235003250508255
2100295228175602045
2100288439597854923
2100276072721862952
2100296266836316334
2100295848882298997
2100295552122470423
2100270267268280551
2100270270942531999
2100256134581871041
2100257817839985026
2100269487807484067
2100286727046807964
2100269106809168252
2100269111242637589
2100283168926339206
2100255380110496107
2100300078514627018
2100275583603089526
2100250399215149523
2100275564263141739
2100298675935441231
2100296889295843464
2100291125034819905
2100298925005578542
2100294647520112836
2100251613952942395
2100298717697835385
2100294913657069809
2100289435757945110
2100266107244318912
2100259681247625655
2100282598853693770
2100279185918832680
2100276407251202453
2100298479138435074
2100285343283003759
2100250690371138015
2100296272691286282
2100288746218312045
2100284547522838820
2100270675659284630
2100297984369959092
2100285031004406099
2100281147036979405
2100288340214046849
2100285805231325195
2100285095307264065
2100277908128313533
2100257120687964170
2100251662958887148
2100292494055309374
2100292269244809352
2100292140861423632
2100283614546063577
2100273430713020528
2100273170905235460
2100252373012652218
2100289779069837670
2100289631564754955
2100283495733919819
2100275478984626243
2100266864320352671
2100299008887464416
2100291049709056261
2100280216488665543
2100258210863079435
2100258220807708742
2100293231334363631
2100276109577191635
2100299515366433196
2100295033844818315
2100294597012259138
2100298667123253344
2100288309050110348
2100278639187440098
2100268484588634286
2100260928986263622
2100284286545101090
2100265664292200896
2100260807367959020
2100300057702433174
2100294404489552077
2100285318477844748
2100289271844204575
2100256603870257439
2100255223474266210
2100301960431731074
2100301267629215794
2100283527803576537
2100291126569672905
2100283099749699739
2100283573823590536
2100277562211537289
2100266668677070860
2100300874337730776
2100298865307971863
2100297393174434052
2100302292469862539
2100287010321616983
2100286030729388125
2100294018806829440
2100270802943737899
2100302416063119514
2100300100626973002
2100299625605234884
2100301105976533443
2100300461786165289
2100278947116179655
2100262694976958489
2100301012531921205
2100277785658904957
2100275778629833144
2100300301106385349
2100299820304879803
2100299299049320603
2100299701727703368
2100283967777935475
2100281058499477848
2100293941421625666
2100292427827265994
2100268406163353787
2100272088871256108
2100290208147132821
2100280022326034724
2100276263277506884
2100291633023463618
2100290184143155295
2100286533840298458
2100290269572673690
2100286013721530380
2100285509918482807
2100291477532205081
2100276505460810236
2100276408752746510
2100276026312106094
2100298017521758589
2100290459134234961
2100283214774354301
2100287433929613712
2100280863007154231
2100271427643482410
2100284899903283413
2100337139372151125
2100318281479410092
2100307260706550032
2100346238537281967
2100338354399129632
2100316452045680728
2100334420670460306
2100307391929880890
2100307427933454800
2100308785914929259
2100320334700589253
2100338648780611696
2100338660705001955
2100338797711954042
2100338425777782996
2100331009715675444
2100318284348326315
2100321832473706851
2100336071066464496
2100332112880775307
2100307224534859919
2100308455827329032
2100329936187715830
2100343984086553056
2100341217133236393
2100340197741465925
2100312560335507570
2100312569659466075
2100339959710277976
2100343720906207357
2100335268377068020
2100314315953758522
2100333838849257909
2100330016290537513
2100316947518763260
2100315447497551894
2100333796801327244
2100339531866104089
2100334666456727552
2100331244185587852
2100326400569848174
2100339011407466989
2100328163838427530
2100322920446755291
2100344690042135004
2100340417715638682
2100336571165585500
2100330375423590528
2100328090593288391
2100343809393439119
2100337137002361289
2100331136132026660
2100339617685737940
2100338270391414855
2100326741692629447
2100344750549209418
2100336471781564920
2100341633334075864
2100340514512105972
2100329571350425711
2100342126060200187
2100330299179548744
2100325600258920868
2100314019055759839
2100329469458149386
2100330179339944256
2100321084306256181
2100325340321087513
2100305017915711694
2100307207883489316
2100344235400511574
2100308105242325038
2100343899046699510
2100336325333233840
2100326886320607238
2100345064832499965
2100333805135434225
2100330178895642670
2100316188077117462
2100335478977511678
2100330894603235469
2100327114314539493
2100327991263875569
2100325146649129415
2100347350543675831
2100345575686488310
2100342466545172632
2100320281420005446
2100317220001734889
2100348301547643028
2100336281620496510
2100329331331359078
2100346741908226264
2100339437976555650
2100338767844245621
2100313898146521318
2100304081369682335
2100336422779535564
2100335276811784406
2100320449921995014
2100347019101450409
2100336489284472964
2100344500887445859
2100344098632741212
2100337248243970168
2100335816174178695
2100307047883379181
2100344885907804581
2100340260626411976
2100339305218462041
2100323493195698191
2100323487302725852
2100321054325416293
2100346507803431103
2100332548178018435
2100320680122122373
2100344884725006623
2100338344265761193
2100329320514199644
2100325547561582909
2100314551807860840
2100328704023154999
2100325687471079450
2100324726300148183
2100338178112569346
2100335752718774524
2100304291604959427
2100344667355111799
2100340142145761584
2100335278032351455
2100344733897822520
2100343215853388087
2100341178994467126
2100345205857583364
2100344829280497951
2100342206385074595
2100332085034565903
2100329522658677091
2100328216141717715
2100326849410904072
2100321323570585601
2100330936881877045
2100329874669838769
2100325215641256209
2100362397290827937
2100379584390640107
2100364597752459775
2100381909549269032
2100378515455500515
2100375524203716929
2100370943830810959
2100370947433705512
2100355297139171781
2100348062069587994
2100373578373861624
2100371072709165399
2100362587632218207
2100361487990571506
2100347652802072900
2100346983181652162
2100360698316402918
2100359356336218576
2100356844460163269
2100365937471803558
2100351523524153703
2100376768221790635
2100361746762379273
2100382754118455406
2100382091833708666
2100381721854128340
2100380760590926154
2100358120245457240
2100365104835363320
2100376536591237431
2100383537065062700
2100363525570842632
2100355781161803972
2100349505178632501
2100381870101758450
2100378043176882408
2100374698785734989
2100365044840038906
2100353423015059695
2100353204336705926
2100369600730833165
2100365496898224205
2100357237218673091
2100374417641517420
2100375980892143654
2100359771484274691
2100365831360110979
2100381674546536583
2100379204240199982
2100374178390233548
2100367459853230127
2100364508707352714
2100359373285478645
2100377135546298701
2100356785756369107
2100360279271858188
2100360290827202883
2100326608900911541
2100363805658087683
2100382008207655361
2100380132674265158
2100370162562011571
2100362165257482417
2100379350637908363
2100374873319080025
2100371725099905334
2100381983012524208
2100382002562072914
2100371968100872277
2100371557507793022
2100362465594814760
2100358711755907332
2100380590201614837
2100360559791124829
2100373846897434633
2100368319119233495
2100367016955687174
2100357446795456836
2100357663829680398
2100383515732746368
2100380513630359665
2100379161764208706
2100384080424473078
2100380227356471446
2100378379845349784
2100382110242549978
2100376093542785222
2100376097653195041
2100384635364552824
2100382034975756686
2100382030752006389
2100367510230970545
2100357700898951254
2100381314339729908
2100375594706018364
2100360970363351524
2100380567510368263
2100377835709841718
2100374344270585893
2100382225342603742
2100366623249195313
2100352079495581727
2100360033003315373
2100372744848171471
2100373698750418991
2100370112955965937
2100380616155943080
2100380293437739264
2100374780562063661
2100381383822561694
2100380836528804239
2100366948513014227
2100380463114113266
2100366623924429082
2100368658958594093
2100363198834614512
2100383927231795392
2100383838958432571
2100377232854147436
2100377687579656231
2100447522523091447
2100445861092229416
2100442260311601466
2100389153506566170
2100389155016519954
2100386986641019316
2100446750775312865
2100395722398994730
2100435384006033699
2100418745021714749
2100386368102731952
2100404252908675219
2100415387397734882
2100390925348356118
2100386288197115906
2100433388855345472
2100386011100413998
2100439757901713908
2100368190500938089
2100387376853832150
2100445894139080756
2100442119349457224
2100438344450834716
2100412151345115434
2100389019574288781
2100405174456008950
2100404634540007706
2100455613352329660
2100448862661980308
2100445474750648685
2100402977978589198
2100396831481921672
2100392854342279596
2100422774896435519
2100408258980614447
2100406335166628314
2100442446437986351
2100438429137813704
2100435133035634738
2100449798880968707
2100435269409178053
2100436053752504655
2100432053129117873
2100405248275673294
2100397472967193004
2100399044535124134
2100398801433379140
2100424264612479135
2100423774269014249
2100423484882948112
2100386185763864746
2100427219965296694
2100425547863966013
2100433822605025378
2100416276690538970
2100402349189795902
2100446367235674155
2100387013799063729
2100404970067562701
2100444222897729852
2100422657053167885
2100403783318548741
2100409679100711242
2100393312326746470
2100442895715090745
2100431947981861347
2100429730507821445
2100428002299441639
2100398405688148216
2100412524969562598
2100453493194563792
2100450355880312852
2100445945930424411
2100441394380767516
2100438231401500853
2100434802201555269
2100424135453135238
2100407040623489361
2100444713950011549
2100443062405059030
2100437388790989140
2100443170857222585
2100438810186125365
2100430446613946396
2100418051648725127
2100415863304208748
2100414738043752787
2100447184000881054
2100386855413785016
2100390421281100267
2100419850979946991
2100412027499851839
2100404763409920291
2100457069212020858
2100445883217113392
2100443978575278344
2100449424048636171
2100445911679725826
2100442507582587387
2100419045874917536
2100418951393997122
2100410653835981078
2100425973107675178
2100389185085436378
2100426433587765416
2100423133333205293
2100422998528332222
2100523790274797858
2100459815134752947
2100486146098700609
2100525179357348230
2100489497993486747
2100478929458831816
2100527189615620308
2100519178302115956
2100529214042599554
2100500601591173537
2100506752642875430
2100503006454173727
2100483498423271752
2100466143982956793
2100480435801174123
2100465274897956994
2100528962782859565
2100527321597845978
2100524263484621178
2100589867222647256
2100601681733927184
2100595051441070206
2100593597196197926
2100584082618859602
2100584105016434797
2100556555112305056
2100570886373785669
2100594994922844566
2100552405339316234
2100582290204098908
2100581337237262837
2100544873715691852
2100564302285402474
2100576448968888331
2100597899461607788
2100595398557458783
2100580057991254055
2100575780870799431
2100554284081238291
2100281568682000613
2100258635666354414
2100211163459895621
2100601924315713569
2100601705251352685
2100592246559002989
2100592154519146937
2100589838072213935
2100588198669742342
2100574155779240264
2100568451949728060
2100543556486066559
2100548796174217220
2100552362880282781
2100551352669639099
2100592952221348140
2100365128604479584
2100588762015105469
2100583678137020828
2100577446491795560
2100599598804795629
2100588098862137685
2100595515977093199
2100597626877907398
2100592781693448561
2100581661461159943
2100574496495128736
2100361773400416460
2100420433757511681
2100564866155106491
2100549492441329950
2100568212874072291
2100586997844713754
2100577184456876326
2100599756862914797
2100601476926046286
2100587659475235176
2100592028287369704
2100592042879389937
2100567912536838361
2100554860366106852
2100554849477693521
2100578723443446025
2100575096595218510
2100603002088243351
2100593493932376362
2100577069629390994
2100590641759572224
2100599535470784651
2100592661669228821
2100584314945605716
2100603040365432910
2100596688683503975
2100590881489273138
2100588085377474838
2100586041576943941
2100584089145213038
2100588316278018083
2100570160079815057
2100596170506547325
2100593896711405585
2100590717097644284
2100579105884233870
2100578278121574416
2100575643234668871
2100592775473373497
2100566018418409799
2100595618041188731
2100585788274602440
2100561551858028583
2100582751510331814
2100580111917486560
2100580159120126384
2100601449776632264
2100599460770308529
2100599338141454457
2100603852118458651
2100603521615696352
2100602851097477535
2100570308205846547
2100577480838922434
2100590197675045082
2100587545268453837
2100578332198707551
2100555187123306666
2100597510351761646
2100587948521721936
2100585932072079376
2100598424252953062
2100594588041801854
2100590400100536795
2100564533643297211
2100564185109393738
2100547922689745350
2100582851703902251
2100577100696526999
2100557985638424659
2100602548964999394
2100601521796690412
2100599385428009141
2100599830183637453
2100594726978125944
2100593972334772301
2100602953438568582
2100601870611816544
2100598422747103534
2100599810080268635
2100598507379761369
2100593977091055814
2100602181552365923
2100594224689254560
2100591730189893718
2100580129059598504
2100580054392533424
2100579988143587765
2100600936099909776
2100595035783782489
2100580393875325280
2100602400834806238
2100592363164799102
2100580144955994261
2100640729714299253
2100656671068402142
2100647065625751785
2100614077202444656
2100621876217176460
2100657638401019943
2100656497654939747
2100645191271043539
2100642619676328363
2100619371198492708
2100619373735969148
2100631142332338592
2100630781500571789
2100649938300387582
2100619806709891490
2100556372844679242
2100556121157116319
2100555617618301202
2100653238399762717
2100633517260439794
2100613991621890254
2100636758476017873
2100649680879095818
2100652783535878596
2100652792155111433
2100652800908697700
2100651526985601449
2100631639898620311
2100630276414033958
2100639661655752818
2100643811336556733
2100615772330733686
2100658219240562850
2100641100989874595
2100629449808966069
2100628917388263924
2100614493189308500
2100627874873049545
2100616505645764787
2100612918609936848
2100654978771693674
2100654418949525955
2100653391869251923
2100656661497073955
2100616267166302221
2100660060569448511
2100604823359967664
2100655455433306162
2100645549250855274
2100642158810149123
2100658864450335152
2100641632840249595
2100634743289082347
2100643557967073749
2100656711929417746
2100654042636583337
2100650402005832042
2100627290375811163
2100661762446004527
2100653745763697092
2100646916778267043
2100632411264450645
2100609904507498811
2100608857969971503
2100661580744520161
2100645527494721751
2100642449924272161
2100654650915758243
2100648897701962093
2100642116364103872
2100642816384704752
2100593885458178354
2100569997571481829
2100638213987606735
2100661063343833398
2100661062504730881
2100654036546400355
2100651611596918919
2100645909176414301
2100638730620998016
2100607595450868062
2100651035526123591
2100650056965632303
2100631197848080884
2100621010210857327
2100640675284779269
2100655557078130911
2100655634173563057
2100658714202210812
2100610429143634211
2100585170612953466
2100570473947951351
2100572946271965421
2100612894391959692
2100612648521916582
2100609473266036866
2100628448318231040
2100627161971351739
2100609645274345732
2100659366592389169
2100658359988867473
2100659116087627897
2100659260765937710
2100650460634128815
2100642499098529795
2100662254160994361
2100642275835461801
2100636185685078266
2100654727348552015
2100606514784297168
2100653578339668461
2100640231460327616
2100638337627574387
2100607229883806024
2100607233390240011
2100662739513274378
2100659240528441561
2100650360494866708
2100640088015188390
2100622886834721001
2100644155537990056
2100634624200220927
2100616135670407323
2100629823668310385
2100637488905626070
2100644284206547232
2100642793970368834
2100641882065768873
2100658746129006959
2100653644773282292
2100652674941165611
2100660836532469780
2100660099979338154
2100659913102078082
2100645578166129123
2100646037928976621
2100658690567381255
2100658719809810450
2100545863105876318
2100661345611813044
2100658703376523583
2100655381701644633
2100641128613577054
2100635938627944721
2100608690474602530
2100637997402350068
2100636266224026021
2100647308169707639
2100644983564910782
2100640534138175786
2100646060712739104
2100638819770909022
2100623986597966023
2100651140878917768
2100634969659838930
2100634301368783114
2100636085961527684
2100645368568467688
2100644825837998098
2100643305377690081
2100650175710593221
2100647085984903423
2100643955280891918
2100652195410546892
2100650628749897916
2100648278303859071
2100662133616689505
2100661731445846095
2100647202473324563
2100661923243008363
2100657337287442544
2100649916271845538
2100662565583953982
2100656970185203906
2100656857803284950
2100663320575418832
2100702915145167104
2100696870809178221
2100664478496927992
2100692088258199704
2100687086160335120
2100684747441664450
2100698081130082722
2100698110154478000
2100677543548391756
2100699617100722548
2100687932264706191
2100661879291130221
2100693440665149720
2100687898559308170
2100688013290246447
2100703091956080903
2100678166142664787
2100679050557583819
2100673049116749898
2100706370739663161
2100704986220888277
2100698812247392408
2100692195434995998
2100683766364766371
2100680160554999998
2100684969626513586
2100681495765479524
2100706687552270657
2100701254435459315
2100690763210473775
2100674765933691159
2100670703188213858
2100668853340533243
2100668567775490343
2100703205231366525
2100702488760365368
2100695726011343011
2100701821668855999
2100675519792504938
2100698086595027047
2100695490681827463
2100687675216769376
2100690081728053580
2100667136200835442
2100706971137519763
2100702807854584143
2100698955164066127
2100703655653523763
2100702887332421638
2100690282089988575
2100707815035646442
2100704581298647485
2100686931231162818
2100689500921893334
2100691512686215484
2100683759733399988
2100696462460100668
2100683138674429984
2100703741846458652
2100698787689762829
2100695508792516627
2100706980620902813
2100706714324463897
2100703802831548693
2100680599077798184
2100665717968310581
2100681871537422446
2100668901235335558
2100551880120119512
2100701143831584864
2100684088298365405
2100684227964486010
2100699949717471592
2100697610805793026
2100655398193672322
2100680486611722599
2100680482836889850
2100698227183906970
2100666659723726916
2100708346055500183
2100703966526894521
2100702516149149854
2100704938057970058
2100701617507147939
2100697232291115152
2100706765553709427
2100663725586088345
2100701680866349541
2100670695881822602
2100697401312911576
2100671331356270727
2100654803147694330
2100704355917722097
2100692763901673941
2100672181252616674
2100697016418304424
2100695206504923529
2100692684935671808
2100666763683811593
2100686078608888014
2100663822100910514
2100706367061573893
2100664003357786456
2100663890166038958
2100688616599019636
2100669376034640130
2100698746711347592
2100706557814038907
2100703954375958651
2100702640866767322
2100707904156221698
2100707029824282948
2100706371524296938
2100683680037441946
2100677297531408863
2100671504597872810
2100678027264790952
2100706196969722195
2100701694573056452
2100699135561134341
2100701678227923268
2100701669331767637
2100701609541988487
2100699703428214793
2100683620734087620
2100678807233445972
2100706528932098207
2100703094283579866
2100696441739980933
2100691262236172442
2100676168433476092
2100704316709322985
2100694469016240222
2100680787393728941
2100707726963663098
2100707107859210389
2100697639046021533
2100707232925041144
2100705874926870990
2100702205967761598
2100709012492730782
2100705086418645028
2100703243881857137
2100699116254691371
2100691880895738103
2100686835731104035
2100684746976055807
2100683713147502638
2100699148680831149
2100698793746575687
2100690923189322028
2100731186188296687
2100737104485503139
2100733430606557284
2100725598888821133
2100735818818085057
2100709593059877177
2100729009734893915
2100731695058071900
2100717659847262363
2100725820608135591
2100740230965780528
2100740024144744553
2100736563693109364
2100729009923559760
2100737566353867183
2100731953838182548
2100733719665353072
2100732342377566275
2100730092783550589
2100730786752143713
2100726793846079788
2100722071923781997
2100717703992328472
2100724385057231006
2100729281366073392
2100729059609088232
2100718574935437369
2100719421530501156
2100740439737311515
2100737136899031483
2100733026430783965
2100721141186715999
2100715928845451663
2100714139140112701
2100731609016115610
2100721667962019933
2100715080660779231
2100739977600438560
2100688916521140292
2100701942062231754
2100740779555574071
2100736560249336164
2100731143586709811
2100722066651484313
2100714382233682345
2100711716094951879
2100731820622979189
2100725595558539585
2100725605691949400
2100736741338492948
2100733431944552582
2100729137669259287
2100736725102260439
2100726507442205147
2100715315839566330
2100720544966480012
2100720529648832937
2100720513228112063
2100724677329195050
2100724014951911542
2100727584912789598
2100720425567232385
2100713874932875551
2100718622922449132
2100712995005346205
2100730549061267713
2100740386184446249
2100736683897413719
2100735415334441263
2100741744304496857
2100737063079514427
2100729487231004861
2100726055635996854
2100720719743037847
2100735761196757389
2100709540282982910
2100741792832303225
2100740871482151074
2100739559751327974
2100738985782129000
2100722857512939938
2100720580844761144
2100740471769182345
2100737172470960579
2100734582572147003
2100714472520179842
2100713912001831175
2100710384357298230
2100730682238546244
2100739700558344303
2100737124832043021
2100733622378459279
2100710960675659872
2100735214423044297
2100719274658595138
2100731404959015001
2100723946341408977
2100740664761708996
2100730922400116775
2100730812052222463
2100745455873184016
2100745535783109048
2100802650287604186
2100801642400538629
2100797865555546527
2100790367876424164
2100790394980094041
2100741828114780397
2100757479562924132
2100744108985950581
2100802869356052581
2100766221805244422
2100764829380129173
2100755521003495616
2100369273747050790
2100632278401696171
2100792726744698990
2100787932562911740
2100749285583097882
2100800802637885925
2100787450498936926
2100746724830494723
2100794197418573851
2100796084301746346
2100792198690140205
2100799454429229150
2100799189810577752
2100798598644445550
2100745962884944032
2100781028017058123
2100785578388201792
2100743278807171214
2100741500191531162
2100788109805805760
2100790787403301147
2100787212015083885
2100784225246908850
2100785716636557821
2100782245862633699
2100778166134427692
2100743424852812044
2100797633597931872
2100792488260715004
2100752349749035432
2100791918523298120
2100771028049822090
2100766764925693966
2100787356357825017
2100786969521324064
2100792380517425168
2100776847491444860
2100807472827043931
2100807174561636412
2100806803135103143
2100778052003258871
2100751553380352088
2100747730725298612
2100769051509154103
2100779269169279103
2100770385910243812
2100777027297292347
2100768162694549734
2100765285632422073
2100787078199963779
2100766723003519485
2100744332395352242
2100770966364135695
2100751733529932159
2100786713027023201
2100746630852980839
2100747286435463279
2100771292999786957
2100770234328056302
2100809630930575523
2100790657333752028
2100757144555442408
2100753029913792633
2100769572626329755
2100748349217317024
2100786695113191695
2100785523405033683
2100763082330882078
2100746301696569440
2100800583108104686
2100795505043255652
2100787525488894055
2100789356642410792
2100788944556187718
2100782937671152032
2100809684613513268
2100777414171169078
2100762189904703987
2100805842534547594
2100802821197078555
2100799730791903363
2100785642011525208
2100768623786639821
2100768631588040903
2100804975047696678
2100803647072297378
2100757131355906056
2100779242682253509
2100777091364958534
2100776933994750045
2100804152192368976
2100638330463350980
2100743968044552242
2100786603949957605
2100774425394135202
2100770851524075804
2100767154823999680
2100808911129362881
2100807946942742926
2100806762848805276
2100809115706487101
2100808054019162597
2100807970103701994
2100774668483387426
2100757408674881783
2100753103368622429
2100752464559362370
2100780312212983946
2100771531668197822
2100771360188297431
2100841475185549437
2100810547788759326
2100810537076445673
2100827419061989527
2100811944567378271
2100813415488913436
2100865486653141469
2100861043920507026
2100858522619544025
2100814166734889381
2100878898976141337
2100856211033698346
2100827258847907997
2100872465820025132
2100842262888657311
2100827156217471154
2100842881028128802
2100827693482676508
2100880766712311950
2100919244644831511
2100943614285054013
2100941374380024249
2100939563694714891
2100919625672282188
2100925321557971240
2100916909579317469
2100934110491365658
2100926061282259079
2100925305145733196
2100907256711717343
2100914879670501834
2100943894108160318
2100943713748877703
2100943259979677893
2100607962498711865
2100769639538340125
2100937223424131550
2100913517318533522
2100924227087986840
2100908473651171584
2100899099947962393
2100921696173629500
2100919763509690602
2100920020058489134
2100917763221172665
2100942739562963433
2100936667368407266
2100929672020193548
2100944294244663492
2100935702250659939
2100929182905622566
2100939586998268160
2100942645455429782
2100942683657183308
2100939449966141493
2100943383132860529
2100940405734834659
2100939220428730835
2100903742161756428
2100938554822070713
2100940882924958094
2100928302529630452
2100926960327119081
2100935500181762246
2100943801061634124
2100940405642780987
2100925309289636163
2100918998040821880
2100929163569799640
2100891470819406212
2100913286313119899
2100909895578996922
2100881115934253073
2100929812936229119
2100926789702852919
2100935141501567198
2100933641098391908
2100929169181823447
2100943318234378276
2100943170918142275
2100942355066937617
2100907273841229919
2100907076251783358
2100942252491075797
2100943037463441532
2100943766127345699
2100940621796037034
2100917691368223204
2100939608012075173
2100931594395750833
2100923758777131071
2100941235204558872
2100940956644090100
2100936909782487342
2100942380987744262
2100926632081195518
2100925306085204071
2100940513352331442
2100937503494512641
2100943101262983500
2100939240762736767
2100936205806280794
2100942092834902044
2100937461455106267
2100924734447714331
2100919714679496750
2100919649193926857
2100943558370906231
2100938562073969037
2100934523043389483
2100936447503036557
2100997464228495707
2100974097505161487
2100973791711027451
2100975635313094981
2100853458555302212
2100950634149114208
2100993677304693068
2100984677284642988
2100981509272334455
2100974957849096263
2100974959950516609
2100950626356056429
2100944832797512042
2100991439991980431
2100980929221079268
2100972811040809188
2100979723727753281
2100981863112179989
2100975867623002515
2100986812554469842
2100993770049192022
2100984811204575288
2100972594363085001
2100970707416953136
2100988217822474731
2100985201778110487
2100978157100859514
2100963030540431620
2100996167098073497
2100991755382321277
2100990522001113347
2100960805885804887
2100949211680530471
2100946136907276584
2100973882475708607
2100961120391516656
2100975902087672053
2100974434924237111
2100974235925516549
2100975023095709850
2100991283359580601
2100996325638594996
2100983748250448324
2100981289859825964
2100992874779226220
2100964017632088084
2100994340390678598
2100983799517430029
2100979556177858992
2100979290699444610
2100993441521869266
2100990055682625856
2100984945573265735
2100960474405781540
2100984382236295444
2100977968868667720
2100988555350684018
2100980501536256377
2100969862851965082
2100948330901541010
2100989563279737307
2100977037154394385
2100965925386125696
2100950511490937022
2100948759781756988
2100962181701419141
2100981731415204103
2100994954591908109
2100995063597686988
2100986153897742771
2100998336044036550
2100998715611775175
2100988035991015919
2100995515521396964
2100959526727942239
2100956785658003565
2100988600418517302
2100988644098261472
2100952685071536389
2100973970174468130
2100962873862152663
2100962807537606955
2100981534396195225
2100997233684472285
2100995160884625484
2100990497699344607
2100984034448773323
2100978993189019901
2100993258499285454
2100985702335004996
2100978156782092741
2100979779742613840
2100987079358312470
2100975037046042667
2100999110610620475
2100974882167070887
2100972430294384866
2100997293608517742
2100968277820195207
2100964932640526471
2100996161083416762
2100982756519870483
2100967208503463975
2100962628159860909
2100990103271145647
2100987734449885226
2100979691448324380
2100974635172889058
2100992059968540802
2100989544313070026
2100984503522992294
2100999048358466000
2100997676452008340
2100994447437611219
2100968187646873869
2100994297440931953
2100990978962112825
2100981167528755419
2100987769791090735
2100987728615612853
2100982346249867353
2100995062209380843
2100996928062226546
2100995624241881122
2100950776558575650
2100995138050720217
2100987125919314411
2100986770091278690
2100963064753611161
2100962214890922262
2100960239411499324
2100987131514544581
2100968852616077546
2100947033402003677
2100989454651363791
2100997302588526651
2100994316919337358
2100988940584960258
2100989116984774978
2100986668924702972
2100982173507469450
2100980955691241667
2100980332879134989
2100976382264082876
2100987238498627792
2100986101892526540
2100979619406938617
2100970993997033829
2100970603163373710
2100966810405183667
2100986330821935551
2100977024068141535
2100969178777661567
2100997528531399111
2100988724808966496
2100987245734089069
2101016028817817922
2101003703264137580
2101016357404123591
2101003162077327562
2101033460546904307
2101021324718018943
2101019941138776367
2101019437964943361
2101019458940866736
2101019463395246262
2101010650600247442
2101007995798753314
2101004074271261166
2100998730434687033
2101029390750544207
2100998553757679664
2101019024771432817
2101010266456485959
2101030083846713778
2100998068367687924
2101031606957813794
2101027224736629186
2101023452178133464
2101026443534938313
2101024180636385616
2101032933905572070
2101028301774975042
2101028539306815552
2101027266310418743
2101017124625854782
2101015960513646833
2101002204983578674
2101021635159453701
2101020922714984523
2101020684784656821
2101017625589399708
2101035008773312843
2101032354202501212
2101028835034571251
2101029637979586954
2101023422780215380
2101014262881694194
2101016808379531517
2101014759969821116
2101010645596488149
2101003185343144009
2101033974776623399
2101031439324045441
2101028706529468907
2101032662244680085
2101031356255842437
2101020290721444099
2101032147616202929
2101000431551889607
2101030274351923511
2101028184883921282
2101022016971460920
2101012490775900448
2101029398103113865
2101029407427092855
2100984970764308895
2101011708730921141
2101007777426538505
2101035699839361327
2101034034881073572
2101031567363572174
2101020522091868214
2101025174175039918
2101020961613226080
2101030999811596506
2101023452094472477
2101015902275645827
2101017150039248923
2101035909361648077
2101035193393877450
2101029861628297552
2101014881424093567
2101005253416030638
2101005693247742182
2101025449019122160
2101008363723124964
2101002738238734804
2101033575437029425
2101031076747518086
2101027408446951468
2101034984047792238
2101034766137184742
2101033863703126245
2101015844222304659
2101015851738554484
2101015855907639769
2101033535461044305
2101034312632091053
2101032565599547641
2101032003575427183
2101003269308825655
2101018315623665711
2101000058409812131
2101035081850622189
2101029326305231095
2101023274796810385
2101030810874794386
2101030692821823850
2101025808164716772
2101008455532523586
2101034226934071521
2101027343800390049
2101013895561228412
2101035951094976924
2101029965688865147
2101011093644509284
2101006946660745583
2101036319086362872
2101031800973750632
2101030769464398314
2101036428989751692
2101036148416000439
2101031968825544894
2101024341320151357
2101016114075472018
2101009422973632623
2101021628817645788
2101015869543383523
2101009486928322901
2101024645600207306
2101024645281399170
2101024566130982936
2101053585215906039
2101044737587200072
2101048889172164978
2101048891344851084
2101043723450597850
2101060655033778276
2101065515917783261
2101056627063546061
2101035462508921311
2101036324207710587
2101057022766780644
2101066986629259429
2101065118582706576
2101064973569106074
2101057814793687374
2101057085546861038
2101055927407296943
2101039315711132016
2101038062767898802
2101060541766676540
2101046277492625497
2101057557599060215
2101037624760635682
2101067302762680590
2101062349775925640
2101048319338295785
2101054907440673268
2101053703151346093
2101068620730126771
2101067643822158288
2101059879356051472
2101065065386651720
2101061355285483894
2101057525491671139
2101059201573495232
2101053726832185449
2101052007318720926
2101066411527303589
2100991563534852501
2101008824140263675
2100996811259514942
2101046875646243188
2101068718373736698
2101060586905718840
2101051350851149989
2101067467095499056
2101054504112456163
2101040393827635482
2101039673485279340
2101040901003067498
2101046085242261741
2101045744618582250
2101045870955299108
2101045893294108744
2101048909510439227
2101048931874435219
2101063639964749867
2101039201483460616
2101051280940478756
2101051294442029454
2101041081060151388
2101027848899211331
2101045035508650449
2101055813641007202
2101043755943972971
2101068752049815746
2101067710633238860
2101064400899600512
2101046585740386453
2101061154931986582
2101054440941719680
2101042754478276933
2101061198653645126
2101053654920831411
2101046100941533564
2101059788628976061
2101059245730922651
2101052352882991187
2101046491519353172
2101044749415100690
2101043995203756248
2101060083782431056
2101052486710608166
2101068910237790329
2101067055742980264
2101065033430241427
2101068752896868362
2101066695079325887
2101065027193049197
2101048235708023052
2101069275221876804
2101066453281915334
2101063707228815439
2101061538190614852
2101041915470692846
2101045547406917957
2101040946347397357
2101038876445782402
2101068031124250693
2101063512894197856
2101060972790030844
2101068759997780131
2101038555313442834
2101050629271560659
2101069344545677716
2101063956466913764
2101054173437465053
2101069780727853154
2101066286952546628
2101065980034384219
2101070200292724982
2101069544487850408
2101062835962802649
2101062075501981996
2101054166315508005
2101046399324332033
2101046100593676495
2101046100241084748
2101069790534123613
2101069315357262300
2101053966591123843
2101091398107926907
2101089222899663321
2101089233741955276
2101097198880780603
2101091652836200684
2101091395712749888
2101075250524119220
2101075270870479312
2101075219763147077
2101099837685186589
2101079261910102041
2101097472009630152
2101088650020651145
2101076299490136528
2101083984730202486
2101098951961370712
2101095172473799124
2101092798350926166
2101072717139390488
2101072459932057611
2101072237289972015
2101073529886462143
2101090941272572036
2101090005783339440
2101073450345329121
2101100603703238854
2101069854933430758
2101069116438348038
2101084885956112506
2101097992090681372
2101096294961873069
2101094107708039654
2101080636316619073
2101071497456648680
2101099443948806529
2101095270347936031
2101087723478237576
2101069066098090120
2101072169749086589
2101084519029780584
2101080300495270399
2101075283076096138
2101098953911488517
2101094512621990200
2101087234636362168
2101084168717582440
2101099624479985743
2101078555891573001
2101080112867229737
2101076563488079976
2101074484589625791
2101074497877241875
2101082232865894677
2101102805339476155
2101098181152919603
2101093373654302731
2101092832278688014
2101075749549543689
2101074031269003665
2101091314679087157
2101084084399477169
2101072540097511598
2101095804253466993
2101085230606307341
2101073972293201963
2101079863155159425
2101102453152231628
2101097417697325348
2101076261498138701
2101101520452272368
2101099036082360628
2101097799270203848
2101102425855721650
2101099199307633044
2101090747092959345
2101076123723411958
2101094588001730935
2101101870311706704
2101101710764605688
2101099604842349052
2101072454403686693
2101084955606700172
2101094025097011263
2101093384387469676
2101088814303256621
2101099937136005154
2101084972723642538
2101092890051006515
2101075041031184852
2101099633372266891
2101091567335612435
2101084508233838629
2101070568397180932
2101097308347940951
2101085218329247749
2101076298147782898
2101096257095868800
2101091617495212098
2101084503766704287
2101097231369867480
2101097186687697152
2101096952494780596
2101103611401170958
2101103352092487874
2101109626477412752
2101135581338083562
2101164864315998313
2101163401074327814
2101143746284802066
2101103719152574678
2101103742426689598
2101112038219210990
2101133206967742515
2101103715369497030
2101103520153751755
2101114965922873672
2101121285363249606
2101134544015380810
2101117438976757866
2101116154022621337
2101115844633981400
2101115483298594869
2101122796994666544
2101166896070775224
2101161032022430182
2101159345870229588
2101132610151784489
2101130735734137089
2101119728471130435
2101109219189535015
2101167805752123526
2101163200133619799
2101128111664337032
2101111823382781981
2101148866963702159
2101132977572896955
2101106191673733556
2101160034403078411
2101155656472416352
2101151893531586894
2101145274773020676
2101143670992826712
2101083794535010778
2101150552092479770
2101120984560365640
2101104711873274161
2101094726166249738
2101121856006697341
2101166009272914330
2101138729377182166
2101134332018475303
2101130281906221533
2101130748090593753
2101130584491794722
2101086706384412832
2101106035687891158
2100981130220486692
2101021343663960471
2101021321832415413
2101135107310407874
2101140762167513495
2101154365155279185
2101142914130681876
2101139797993468080
2101142628666315154
2101109919219102202
2101143284223512970
2101130552669597737
2101109099949682834
2101107352128704978
2101141059833045410
2101157665036525586
2101114260742930821
2101136097929515283
2101163175781572954
2101159406993903794
2101155773682217358
2101130572525449341
2101129147451945117
2101129123460493511
2101162195438465424
2101157046091485676
2101155865369718801
2101117013095588001
2101162252321656958
2101155431984820312
2101148477111636250
2101159642126569698
2101169740106346782
2101165150942175474
2101133495732974067
2101139294156902901
2101131872797364435
2101123183927546343
2101137823445156056
2101124824063979527
2101111641471422697
2101141113612505198
2101104484046774482
2101114200017809767
2101141332592865423
2101140922364842304
2101130868660044173
2101204877904941228
2101204568587596169
2101204307349524809
2101174445947908303
2101185065585704980
2101180788838428938
2101212096423755936
2101218610215616679
2101175979532034306
2101215095904748019
2101180947164983613
2101180067946594448
2101179134915272857
2101181132456837255
2101180252454035654
2101179332920029237
2101279791273930912
2101277736811545046
2101275872883851675
2101280631921545408
2101295252409897448
2101295890400985256
2101295245640204741
2101294187475800097
2101269895291756641
2101276717847335107
2101282191191810071
2101277364730712418
2101291491045867661
2101281748029968674
2101294659402186849
2101292252198744564
2101276052819476901
2101285613852914155
2101244639793533235
2101159783399047567
2101287128718057546
2100717454204829991
2100917762201907704
2101295523307139532
2101292225703350602
2101290917831250005
2101262276279824652
2101050901158920327
2101296369793142871
2101295363357389092
2101287749294661827
2101274711925612925
2101274614684872919
2101291782684160422
2101281639577878537
2101281148697534902
2101274213868855428
2101295248148242915
2101296001713574034
2101284141379535048
2101276266515075527
2101297158657872239
2101297005905445097
2101296888523735290
2101309476628205658
2101328998747754604
2101329008440770703
2101313763827741012
2101330580918902845
2101326249029148675
2101325754248102310
2101343425853264226
2101330574862389514
2101320133654220945
2101327235382694124
2101340546455290138
2101326122914828483
2101341733220938203
2101333397524127835
2101322376193401196
2101322250339148124
2101328986341068867
2101328094015430867
2101300022482710709
2101341684256719146
2101330154551189635
2101344320439656519
2101339333353488451
2101307199469289495
2101340722116931951
2101335547524379114
2101333537953656962
2101344031997337906
2101327206374940889
2101310151495917827
2101344661214245368
2101344445899682181
2101341420682408112
2101323099807375752
2101305732582809860
2101301693350613438
2101344166378623211
2101333837422760185
2101323127544287470
2101338895686263008
2101337387540365546
2100997017761701992
2101344184711909763
2101336297059045497
2101328938341413172
2101335685189836979
2101302042736169067
2101347884096491810
2101347476863090792
2101346267502629310
2101292849195053499
2101328832829497727
2101328842052776437
2101299597360406693
2101301751936671823
2101347172121780595
2101343501547958322
2101337233819083169
2101325678918422740
2101302985615618327
2101335371120275905
2101332559107965157
2101325620193939711
2101340942493970864
2101341350809473052
2101330315583058228
2101346412248137938
2101334168416235530
2101333715213332639
2101323045331743056
2101348157854556454
2101344560798388271
2101344369114521729
2101346900989395455
2101345616450257346
2101343005781135720
2101318922775449670
2101348953044275323
2101342711085142245
2101337552745603270
2101330582227628229
2101338319825084878
2101348036370718788
2101346048568434696
2101344227812589652
2101343570980475159
2101341448310284708
2101325446138765776
2101348757602271671
2101310710756106423
2101341441507082505
2101329336712184225
2101318200856072279
2101348943133049234
2101348064715833480
2101347800113922314
2101347437164081635
2101346990302867763
2101341653118169471
2101324998187065410
2101318897643225092
2101334248548401273
2101329215194866146
2101306567123439788
2101335671839289763
2101335581254897738
2101317195577827819
2101315564421431331
2101340541149659151
2101381745014673654
2101370414983258614
2101382367684309115
2101381628907958500
2101376476222263687
2101352497138806997
2101366571620852068
2100439557707833461
2100477787006198176
2100946994298585424
2101380568952816073
2101376727381414162
2101371997968068933
2101368064289681658
2101349724725133731
2101360671770517830
2101362397097157073
2101351725714075911
2101377991762645239
2101364710473953788
2101379440773325243
2101378296294277304
2101376950279499953
2101374570636726304
2101355510494609914
2101376438540677240
2101358084295659832
2101380641237381160
2101367066783543556
2101363354841362882
2101370268073468035
2101369838979498224
2101371194750459948
2101356994758168628
2101383112093471001
2101378037174411409
2101366965809860973
2101379535874703684
2101369081823633538
2101313870732107779
2101369142787842438
2101363565714190607
2101362922148511769
2101362662739247531
2101366362966737396
2101348557412294900
2101351864113709397
2101383123111927948
2101367432497582196
2101361982653759729
2101381678283276291
2101349508139356591
2101381407842983956
2101378163477516362
2101352761329582535
2101351606927372475
2101380826076471322
2101371084947816511
2101359130757693594
2101369344269668409
2101369729227055543
2101376431364190301
2101381150367199338
2101379210233160055
2101381149209587721
2101380437469777974
2101375386588188712
2101380137413484680
2101376141449711699
2101368754449822045
2101385120129126424
2101377376533786747
2101368223308361900
2101359411771957602
2101355643924029773
2101384071301468166
2101361558505095200
2101351078503530636
2101371314564931745
2101369536624632049
2101366394197516666
2101378451576127967
2101378094896382267
2101374623166107790
2101363352559558680
2101352114739945669
2101370455789592778
2101367755626655906
2101370699528995175
2101367863948751063
2101367779941138681
2101371588591357955
2101356395077529878
2101363188595904955
2101359503962714355
2101359317974958354
2101398330584527263
2101398334036398331
2101412864301113567
2101406787501015381
2101397162529587415
2101415438148141191
2101392822221816037
2101383487106285709
2101403180986687850
2101403211332485533
2101409126454571174
2101395672322711567
2101411167826546716
2101407906839113878
2101384538417230200
2101405758646899064
2101404957312209346
2101410742616416756
2101402710649995517
2101415352311656745
2101398935604535788
2101385523155603762
2101417349190398166
2101395995732910327
2101412958001619118
2101412458137063581
2101408824523424136
2101412641813958819
2101394032970662385
2101415836879569158
2101411816400130230
2101383665989079063
2101402585139707946
2101409581733666870
2101387381081358468
2101387994737393935
2101387867767611680
2101413361678180765
2101400940083601649
2101415197655154752
2101418600854663371
2101413710916960597
2101393502953193882
2101414901017158019
2101391192067862796
2101388128997306572
2101416038021706033
2101412612399374462
2101414002727207086
2101409807626305828
2101405255783088359
2101416822876655797
2101415169507066089
2101413720387670158
2101419924946075985
2101419418727194792
2101416581725114815
2101400824496734318
2101394659021127740
2101418859487977822
2101418345295761529
2101409063460335892
2101401811261288541
2101403636794331527
2101420270695104513
2101408714057973977
2101397278216839665
2101392295585034267
2101392736716767281
2101416867705352401
2101401387816861884
2101386621249532328
2101418805096505446
2101394645959803282
2101402687460057121
2101393261763920210
2101416603195748784
2101444819012792712
2101431655491674273
2101432736737108345
2101429416949588173
2101429100497834207
2101428883773964603
2101439216571830669
2101421487651479922
2101445823468814447
2101439428392591816
2101430937376481287
2101446625788883246
2101430208553206225
2101443278977499339
2101441683334271318
2101434174058156510
2101443251160928460
2101438917853532621
2101442691032629614
2101437564234158169
2101443802779074566
2101440224509202873
2101431599367639418
2101446806500458954
2101425556067684797
2101443851558822180
2101446151471816879
2101439859588030867
2101430465819509097
2101408735226642560
2101424593353191693
2101440447491047641
2101445759627345956
2101437761584496804
2101424366135189852
2101431736479395921
2101424859548987560
2101441546822270977
2101422068357050526
2101422130957078649
2101420977313689930
2101420479365959827
2101421864564191366
2101430134150414443
2101435051091136526
2101446304958193689
2101441256312262974
2101437483611271197
2101445312388944218
2101444405009740032
2101443092930793881
2101434544406577495
2101408847105585515
2101446869788275150
2101427449649131682
2101425459758022868
2101445698298298588
2101445341048426946
2101436424142639581
2101428304356012391
2101432977217757308
2101441826943111610
2101434732651405606
2101442546660434376
2101431609123631134
2101444016910827935
2101438546800181421
2101436877102338331
2101444309715239231
2101438919694852395
2101438566907728010
2101431646104793177
2101423588989341898
2101445535848968505
2101445314288709771
2101445146382569746
2101469367150027122
2101465585066316069
2101463589576163619
2101458596542210332
2101458647276782056
2101458651533959270
2101458174679076898
2101455669408809130
2101410125986791539
2101476249151361491
2101471123435081833
2101468886151684336
2101475317088952484
2101469650244493823
2101453082139709749
2101451520634196174
2101454057575792807
2101450288603242918
2101466287721345458
2101477749298774321
2101466879705411892
2101474862606721069
2101472874728939771
2101465205972566433
2101477906975207708
2101452992612319532
2101464836836061419
2101474743455027343
2101474123847262339
2101465240265535922
2101461442113262057
2101475140408107230
2101475092853121444
2101471054010974655
2101456370390249730
2101477109818364006
2101477652792004688
2101466438212997343
2101468097198576086
2101455297218813969
2101448887902896276
2101461297518837827
2101465938159714476
2101450762022699182
2101474223675814129
2101465137030852694
2101477297207332939
2101471537660399779
2101477896837640457
2101475372533502461
2101469669030769039
2101476826467975668
2101465717920911838
2101462342152106233
2101474566056903159
2101472613180547484
2101472242097922497
2101478402196750344
2101474346950647948
2101465442502009334
2101474517423964627
2101466329312018552
2101461296163991822
2101468374714741132
2101456794186866695
2101477274042196467
2101476836202967548
2101465258904703371
2101464553796129057
2101478102723342828
2101475520642789695
2101459098914975782
2101453786686304506
2101477476945838314
2101552314746122672
2101549465626714282
2101533130096054372
2101523875825684778
2101551518193217679
2101510033838068196
2101489451641815473
2101499348127240481
2101485928757727309
2101522768529383594
2101476641021084056
2101529282799366489
2101521735921123445
2101514184995533303
2101522749155905885
2101494169252323560
2101513199065424256
2101535412833399002
2101504654584565821
2101548450416382318
2101545214024274108
2101543102079021414
2101496127908393132
2101516109375471715
2101509204380967115
2101492107605102812
2101511111069589634
2101491943117099401
2101487866777915566
2101540816032244095
2101496224796835962
2101493315594055734
2101484964348899723
2101464452725882906
2101483678102696293
2101482538149593088
2101478539421721073
2101502378360914147
2101479892013420779
2101479909117800771
2101544371334135972
2101544054202728779
2101542573986746450
2101468886096851037
2101508254589174102
2101480569557119243
2101506638456717799
2101495308928659729
2101481841509171240
2101512857204490560
2101485199582265822
2101503266697654621
2101493340382376118
2101540887918436739
2101528753847382276
2101523163582550388
2101551333463515221
2101533336535552100
2101511803385577747
2101546274528907296
2101546058505412896
2101541080806170769
2101482219571155404
2101478874399822286
2101553028784427362
2101552003763548273
2101520057608053169
2101542445192204715
2101540731726840272
2101537170917847205
2101541707657384081
2101541714741629188
2101541718084530581
2101546584886366666
2101545396510077249
2101543861734514938
2101527228349583854
2101518933090054474
2101516463030862235
2101497530135523679
2101491788481548492
2101490754124124447
2101523120628641935
2101499748658135367
2101515133524537352
2101538190263730644
2101537536141087084
2101527131658301567
2101502936052351159
2101488888573284611
2101499271987990963
2101487966900158953
2101503842693107759
2101497318381887705
2101505001814151617
2101488701574389866
2101479320799559746
2101538884915998921
2101535581918380373
2101532462971048275
2101590190368112923
2101567260330451185
2101566473521029455
2101634980233584963
2101627429626241119
2101635068582121905
2101633492815610088
2101626888259015066
2101583157938049049
2101635471965134882
2101632757642195000
2101631641282101372
2101562446381027541
2101632742375014443
2101683737800896729
2101667287912604041
2101671216167748065
2101668508648005776
2101655591470965008
2101643829761745399
2101660207361270080
2101678379749531933
2101676982400356584
2101684190353805468
2101680279052341389
2101676402487566751
2101683004099715274
2101680176157401272
2101680026563358932
2101678012936999043
2101667477159633109
2101651464485482895
2101664674383053284
2101647766120231054
2101646592411423178
2101666796235374946
2101642610871824797
2101680391908102383
2101675428574290384
2101655867238064265
2101642546095047101
2101683546834239843
2101671899830915492
2101670004131283351
2101682917629948380
2101663590444859420
2101648872091144349
2101684248516182173
2101684148440043566
2101673604916052349
2101674149114417622
2101683870462525530
2101466196474225122
2101651031574688230
2101393121137332446
2101427661012680758
2101644938530213970
2101493080750796801
2101671935826415801
2101658137954533473
2101682636502569334
2101672016105349304
2101668450397536465
2101677047269462339
2101676935466070043
2101670211632136260
2101670212512923911
2101679775202894028
2101679633091486157
2101661963478597698
2101672732937408771
2101672233894658346
2101684843058774344
2101681831913357442
2101672154009862321
2101668440448610622
2101676988578623787
2101676990839300248
2101637609726365974
2101637510119981367
2101673716497211808
2101661992662540658
2101658354254762224
2101646547477811698
2101682992057925863
2101663895467217014
2101660663613477208
2101685367497707984
2101682265268867147
2101680654517756221
2101657630800335352
2101668923250819241
2101676701931475322
2101665359493222876
2101663142942036274
2101684237061456357
2101684083868770539
2101677962978357396
2101711087775211814
2101729874197020932
2101728894286008699
2101724731120726179
2101716760890110242
2101716762542698514
2101714175080714482
2101700971315241251
2101690624571220295
2101718030531092909
2101721864766734622
2101541279972593932
1663359410003951617
2101725577535218015
2101717810892186032
2101713219626639858
2101701637618229303
2101708668387430484
2101710100947763287
2101701590235148412
2101708099203596771
2101667323107037648
2101725989113872877
2101724157004411227
2101717942207398262
2101727667015856587
2101699893047808085
2101687453585195017
2101716339840692569
2101703609675075806
2101725921958838542
2101725751980519766
2101714593873567771
2101701899854467301
2101721981842346261
2101700473061289991
2101695251551260775
2101722036926345429
2101705735570641025
2101469219195854987
2101684713916076514
2101727344004153787
2101726130046742675
2101708966917251073
2101701244305723873
2101702062388007237
2101701801552515550
2101710896959574186
2101714778079039713
2101702811809419493
2101701279017820553
2101727742286843953
2101722484236058897
2101723110814736643
2101700826032963703
2101724034400497757
2101721838686499195
2101717047772135654
2101703295555326265
2101703254597865505
2101724453730132069
2101718038970073243
2101708222524539177
2101700218282459596
2101710577512952195
2101703616771854526
2101714513934303708
2101709702073655590
2101725631872434553
2101730112076943803
2101726887194005572
2101720853436145831
2101709773750128750
2101704922848743520
2101720017821634737
2101721580602630396
2101725011060895815
2101732022595064054
2101719064561299637
2101716425060520380
2101703079162765639
2101690916780077404
2101729041111719947
2101726062250020955
2101722202252927255
2101689459859161495
2101693235051524192
2101703870955106722
2101700438290481305
2101692116439024067
2101721935751131542
2101710665178124780
2101699379430130110
2101716942339887422
2101714597396844606
2101717147386859817
2101714764447523313
2101711059551756747
2101728719157055949
2101726933729829278
2101714389329904077
2101727338048508077
2101720846410612917
2101720795693138311
2101726513120923954
2101725238899691535
2101743217578520794
2101749493175644660
2101742184110186567
2101730727607877662
2101759551435416023
2101759573098893740
2101759596096373016
2101751124277551464
2101734315939811394
2101750943343677673
2101732536011407552
2101759159473434941
2101755776893112340
2101748225468166344
2101737038080791023
2101753286994886746
2101757965879439611
2101756537156878450
2101755894610473345
2101739454096437558
2101723766887731414
2101729134783193588
2101740701570519317
2101759529117532322
2101747900959088937
2101746586858725767
2101757801966059770
2101732451550724311
2101757193343123600
2101752659807965450
2101740878855393788
2101735614475358717
2101742350032576938
2101735049892634958
2101741600343040015
2101737758318264459
2101739906401767515
2101760664251322702
2101746131881394480
2101739213506937175
2101734328606605535
2101761171057447004
2101754476436570614
2101762694118265008
2101750113991315566
2101762477310517499
2101759301199282372
2101750514379624937
2101742154091536474
2101759534892982467
2101749009211621506
2101746109240443118
2101761512268247183
2101758286038999353
2101755533317357623
2101732544597094831
2101732546966851828
2101736895143100644
2101756732372312524
2101749570199863438
2101748859680526535
2101763331233071189
2101759828703990061
2101757987215806869
2101749698981757156
2101749002060370208
2101737854766399674
2101734729355837457
2101761679415525728
2101755937639858332
2101744571407384775
2101748102084297147
2101746271614575051
2101739533167411472
2101748217830355331
2101746647797510233
2101746290212123051
2101755873823470077
2101757033812758555
2101749391677907001
2101748914382942709
2101788142990925987
2101780897229877488
2101772185358479526
2101771424784404860
2101767937803587896
2101773101625426053
2101793529651769811
2101792066548142232
2101788393671709106
2101783798371299687
2101792825348108496
2101783961366319554
2101793566192255129
2101793418561405276
2101790301954138608
2101780040241274938
2101788639172636717
2101781047734415720
2101788293977321609
2101717512798822458
2101790509907714114
2101793187203346744
2101789954888061374
2101773251923820992
2101790584838959364
2101782391501042013
2101776447966720084
2101762168878194856
2101781421119418441
2101769298477781279
2101790744440656292
2101778953023238387
2101704187125944521
2101789719004664171
2101763497671414000
2101796732975579412
2101797199059333448
2101795029412991390
2101762976932094050
2101699058679033899
2101778426780926096
2101796940841156743
2101792286187131223
2101782996462248233
2101782792656789909
2101765759055642789
2101764085842887147
2101796555808199002
2101778821380784404
2101774964634354134
2101771008264802415
2101768429912862859
2101792225675931876
2101792136588820819
2101787234110185606
2101773933066228070
2101792488167981318
2101792110563250281
2101780104095428968
2101795761088262167
2101792850279006259
2101789648804626634
2101768529385083135
2101768721077297581
2101794238933426209
2101785975433085234
2101792291736150312
2101785105580630247
2101784926483783687
2101810838734504431
2101817921248825599
2101817207466442783
2101805473871667594
2101818994990948357
2101802407453667690
2101808102563885348
2101806278842450315
2101804925122388454
2101817556579631200
2101800784614891989
2101799930331353310
2101799090703290698
2101798042559025193
2101797457780707519
2101820723987657168
2101820139045834952
2101820963033616388
2101819841237676186
2101816582796148824
2101825938602201110
2101821684840062987
2101812646857077147
2101798891708400026
2101809828771311671
2101807231528275983
2101812560748056801
2101824558068023479
2101789380838904169
2101828187705454623
2101827993152766185
2101824041124237524
2101704716145115488
2101711770083573960
2101735844151234864
2101819757456408589
2101827270453215596
2101815848109265287
2101828235528995246
2101823177978507451
2101815861250052171
2101809948573200395
2101820511021928802
2101826901094400368
2101827299850994009
2101819001709940893
2101813465555894406
2101825415484526858
2101803014256230676
2101825611199033413
2101823370706800644
2101821148119904675
2101823924468113616
2101808992611705095
2101807625801248790
2101828642909155825
2101828115978694668
2101823365442945534
2101825883266760994
2101824204433768710
2101820996709700013
2101812590657548296
2101812398609121286
2101799312514846873
2101798920397422761
2101812682009555257
2101860116370727069
2101860802328142262
2101860956817031397
2101894420886905246
2101893706240434494
2101884326421889026
2101846446966284394
2101846478184440204
2101828216033870255
2101830766564950334
2101853999808778354
2101831444267937983
2101878624886350278
2101867294741672351
2101834147022942482
2101845576471994537
2101831687390789728
2101893034380009476
2101845604158566790
2101846534153281879
2101873336741482765
2101868791168638985
2101856345154531572
2101845113840316898
2101838079384244290
2101834473041965527
2101851437491712321
2101872771047322049
2101854330408059243
2101858965793481174
2101854823108788496
2101854771426566628
2101870965160304644
2101858263021040120
2101867586057019565
2101857784018973053
2101846771680915488
2101836111878250547
2101887296668594662
2101894740845199570
2101882098512548100
2101865675467719108
2101841298697171302
2101853529723802063
2101852343062892934
2101845857406439710
2101854905598136399
2101877267483750850
2101873736957751664
2101832901453045983
2101855377839063339
2101849443683197208
2101857813177733277
2101852087172608378
2101844476645777664
2101876755174690831
2101894330709389698
2101891395027943602
2101889626193498535
2101873170126983463
2101852892206359030
2101839077314023730
2101834815427256577
2101834973359604184
2101865190929150148
2101835504454975743
2101899470782738751
2101855823861354766
2101887384723890601
2101856850241028096
2101863676084912390
2101856562775990675
2101848176953061593
2101886600909078814
2101844712457990526
2101842089281565008
2101885137973657961
2101873487027544107
2101857885978333534
2101856853638386020
2101845106319839691
2101841074595536956
2101872553178353972
2101870339521126756
2101853758825079273
2101850851677540623
2101850800297300009
2101863129864868192
2101871682478571830
2101830878661898286
2101870634624020525
2101867011399623136
2101864167858663697
2101869600967119015
2101866710294769970
2101862414782169187
2101865226144473498
2101852238339600514
2101831806114754576
2101896605888643160
2101892240129839292
2101854875395019239
2101937537463759214
2101921230206976042
2101920095823954001
2101927367585235208
2101952634903241044
2101715273371848747
2101982267602321836
2101981009893794192
240927770732019712
238640326565326848
238635243005956096
464954541654695937
451459248112033795
307119102886023168
2101958260026687905
2101978088611410378
2101953149833478457
2101985046622081496
2101969159731003551
2101963208751767834
2101975432040005723
2101960460924768604
2101962609633235084
2102073607874613356
2102039078468231464
2102072677187866841
2102065618694361531
2102036600980955573
2102059779753488708
2102038424689496088
2102038426560221587
2102031365050900895
2102071003958370583
2102024114332369399
2102029957740245257
2102004924045521295
2102073539096424891
2102054135193297317
2102041155839922672
2102059127690158471
2102050890672722086
2102056845007282281
2102057626452291846
2102016633912844523
2102043734783238617
2102039010117865953
2102034988124299602
2102065316939595807
2101302916992626874
2101999237617643618
2102067903545618840
2102065322643664907
2102048476628426863
2102054037847752939
2102072866347028824
2102066827404706163
2102065323851559007
2102072127771861462
2102065549786144882
2102050683281080778
2102070568333803664
2102058474196631964
2101910775828758547
2102068041647317110
2102065507683770760
2102065853785141633
2102002779325632699
2102042903346332003
2102034421427622244
2102033081322410324
2102027413240623254
2102071234305376754
2102058131576459347
2102072921694884023
2102069511801258042
2102068920979018200
2102051235025039784
2102070709681811869
2102067246784753948
2102061896635384244
2102052384499253607
2102041273917960577
2102074217218838566
2102065772759515521
2102063520162414612
2102071313045328100
2102069969584353464
2102066947730895094
2102064520524874192
2102053640294768716
2102039389492711528
2102032814229033027
2102072866649116753
2102067682753347919
2102065318449549729
2102068931271758204
2102060958113776042
2102027066522669090
733449403931987968
713884004202717184
712110661694857216
472027410104590336
466359007230574592
466699967089086464
1070416812548988928
1069699517468037122
1069609115952050176
473878928231510016
619617142263160832
619615386506498049
619559286063144960
2102062206317662563
2102048619977220449
2102061851588587810
2102049606620098846
2102058490172698774
2102056880629576148
2102049274091512225
2102071143003746344
2102025572239004077
2102065918872302007
2102029930632479027
2102022658212626471
2102066415960297783
2102028355327398274
2102015612792770896
2102070778476823021
2102046781810872731
2102038172842483856
2102070901957177552
2102066468133199930
2102062988433777046
2102073997387239488
2102068846597181550
2102062132984467604
2102076347874988180
2102065316855468167
2102057768048071156
2102073887085212134
2102070674667839892
2102065058889015466
2102060359292956967
2102070640752705585
2102038351230480817
2102075700756783332
2102059566233956802
2102059572366045301
1087447474296492033
1084853690173919232
1083837096635314176
951936605408911361
951595197946847232
903303700776660992
2102055514410487958
2102058975462092928
2102060350912795031
2102013561375478026
2101991209677840433
2102040207931342854
2102034703930835431
2102031063283290542
2102062652931318043
2102055226966512114
2102066441235144839
2102064747696865379
2102056420443033937
2102056519181156407
2102030921599725734
984842315368935424
983546785993035776
972171076926169089
2102069355286602029
2102069177762582704
2102075440961589526
2102074801003037061
2102071331873337356
2102073368497295375
2102071287312953797
2102070699988767207
2102051827831226425
2102050721017340248
2102050517065023871
2102056023066374300
2102031299359687044
2101997814318317765
2102019381379174747
2102036198856315363
2102073254051516761
2102050021684220170
2102039444119232941
2102066426919919705
2102076570332496245
2102069680378716249
2102037900720472069
2102067474313126227
2102076477516779889
2102072985154736370
2102069396839579890
2102013604472225907
2101997486961553685
2102072673387848122
2102056465808638134
2102020577934414253
2102044590454788173
2102040304975048826
2102036788097216958
2102067021538099371
2102062232934777298
2102030989954343262
2102069879444529247
2102067348748251581
2102034199364473210
2102076577060110673
2102071574698295657
2102066101672640669
2102075714778394735
2102069959207657534
2102068623846105538
2102070722487021834
2102055440817205422
2102040495878717636
2102057766781432261
2102040727140147232
2102037339081970016
2102070402981798158
2102062807587889156
2102052240005423539
2102073956324843542
2102070919631917267
2102067960462336482
2102091491069895039
2102071995605119441
2102133922863665234
2102129964279631915
2102128889430413355
2102132423723004175
2102132426013135111
2102108906835095892
2102081135668842703
1256177103978082305
1255519390923214848
1253313886788476928
1365037183963439105
1364958425470427148
1364580316619419649
1219712805001101312
1219608834592985093
1219307320427106304
2102122305811792344
1966178726183600435
1966178422809657583
1941222912368968074
1927417133241176476
2102095425046003998
2102124146163413279
2102124363193475315
2102095181386232232
2102095184653607387
2102115403119899016
2102082473647632391
2102078276936093783
2102129513312207329
2102125685330374713
2102121189544018022
2102127311009005616
2102117552562286595
2102117114945376584
2102132508041285640
2102108835234066456
2102131794862833773
2102123190369837290
2102124772108775675
2102116460747280658
2102125001952358718
2102127552710008924
2102125745954853123
2102114457467912679
2102132758583640171
2102101463782580622
2102087106814189715
2102122471856222365
2102116956778238434
2102114247484539349
2102097165153673671
2102081341017764014
2102133433136812252
2102129597038895373
2102126239716704320
2102132244374585446
2102126114252443867
2102115248660468000
2102124877549580312
2102113405112869216
2102115220067856719
2102128776184258671
2102121038163112029
2102089105668784270
2102126554633396505
2102124543531778544
2102122181702619453
2102128343181049964
2102127556308644263
2102100331526017392
2102129321548697876
1134602225043611651
1134152517225472000
1133772648788439040
1886076419706347995
1886076193595933090
1885021280895676931
1329475930465718273
1326869005991350274
1326699235694284803
1821621114600067380
1816247670249492920
1792660691402322024
1792691717914992667
1625590238557921302
1566932090230284289
2102077221758181813
1164230557536047104
1164220860208693248
1164218121823096832
2102097219872526400
2102094947021181095
2102120099754717493
2102120114518700295
2102107059684556966
1992249617099190666
1991947751299674555
1991500728419168398
2102134375945052482
2102120201621778625
2102096541922005007
2102124152840949993
2102100284134576289
2102087613150548123
1438167717106888712
1437835672027635718
1437808781140897794
2102089685702939034
2102117948357820701
2018843214971617467
2017797784393404885
1984758619661914449
2102135340731597057
2102124676680167643
2102118825458291173
2102131621285573084
2102120591868272714
2102104345277780470
2102133264479613209
2102125714158075924
2102118165220303152
2102118144764788758
2102100818006507988
2102088333329408268
1424111906655281153
1401392373867892739
1380152478881218571
2102134380353188155
2102081940543115363
2102081644790534321
1930419410583372169
1885006449039786095
1881363652193992951
2102085427196797128
2102114100088029334
2102114112948048160
2102087008386498980
2102084482903752784
2102123688665509904
2102100728957272247
2102087275559489591
2102124077288739227
2102121274751246710
2102086964916732201
1978262003907993766
1935824374461825031
1935824384238727328
2102115021203386451
2102081067800768630
1902390041650823626
1828786908434239599
1828530352408691065
1495843316742725634
1495569206456238081
1495417168070074370
1981174212682535013
2102127804250755520
2102123360796741993
2102123061298217393
1741109136979378531
1741108669322826042
2102120746424119724
2102116963900145838
2102115707324432623
2102133262592188576
2102133262567280679
2102133113165848601
2102085785377780055
2102123768311099546
2102093905441513543
2102084322693943339
2102119863359603062
2102119520923951342
2102119304627974510
2102120362821505070
2102117013732651027
2102090496634134793
2102101195565486365
2102137095074517166
2102127548209729852
2102125270572441650
2102137208928940475
2102133717175067065
2102133686741225711
2102133686980239480
2102119843705090367
2102095603677466978
2102122136500604933
2102116299119718679
2102087420413984995
2102086160432386101
2102082130146639972
2102080546113282334
2102104122967101640
2102137144848326749
2102129732787503386
2102126213917503730
2102133283169419672
2102132681098113243
2102131954351034800
2102135693514301828
2102134079701307439
2102133370251550992
2102133633037275556
2102126312362017014
2102113499832811959
2102133265066774650
2102107494440985072
2102096868251426978
2102078608202232271
2102125186619265100
2102125080683716913
2102121802805674390
2102169849975763000
2102147404824813684
2102141279367037034
2102179711937835274
2102178961723654178
2102176406872404174
2102149507190227416
2102149541105390074
2102149576493027631
2102156363002683866
2102152411657945163
2102168836606702071
2102168839756660748
2102136991760388114
2102165685610693106
2102150564184256701
2102142297030742016
2102174786256310596
2102167236576506250
2102159686648709325
2102160824630759492
2102160300732768570
2102160051871838290
2102167995984593002
2102156608121790886
2102144777143586843
2102145684665209089
2102172243556008215
2102172214149951916
2102149918630793375
2102178292665122940
2102171345803268496
2102167303324602532
2102170350632964460
2102159685759471772
2102178730525286415
2102175121964216785
2102171668982493388
2102164085471097051
2102159954241097843
2102159594726236339
2102181276031574299
2102166968069501150
2102164833361658176
2102155455413842273
2029821556856074328
2102151705877983322
2102181390695469495
2102176044572885238
2102170936736731390
2102175616057409932
2102171324328108376
2102171311279907114
2030337737312641368
2030389022644740251
2030099343378694190
2102177899637862458
2102151616275071137
2102143890782568921
2102138367198507037
2102149284057506152
2102138640511971812
2102138653803708560
2102141090384294167
2102154746408628331
2102153906599899173
2102151503091823092
2102145902940955132
2102177477636259899
2102172175142662590
2102167733748019209
2102160691125706996
2102158370421768646
2102155431909212551
2102140820707221887
2102176354493944138
2102164892321001981
2102178776679375107
2102178787609710925
2102174220382019784
2102174680350113826
2102167413076685043
2102146145879269514
2102141432572309922
2102148068904681611
2102135990869434878
2102147326114443482
2102142209680187577
2102178601772658990
2101849221804458151
2102179030174745035
2102178617459392605
2102172361214607737
2102178561184383384
2102174611882295794
2102173203410141446
2102150425545764930
2102178023000678807
2102178143230406662
2102175627562357091
2102175564773945837
2102156841946149039
2102155373318906357
2102157745721835893
2102139259805172173
2102172222311821766
2102163464944861676
2102148364443828647
2102152632907501824
2102138353357394213
2102161769699402044
2102178717938172394
2102171802797494775
2102167326674055528
2102155979726954578
2102154561418907782
2102154460801782250
2102155747962265683
2102153642228711568
2102151646797066565
2102182555390742894
2102170919569363296
2102155329362423874
2102163462927376778
2102177354176991523
2102167451882439127
2102179163629048133
2102172408278872473
2102172305346773238
2102182387186606118
2102189765877506468
2102202711957717445
2102202453584474550
2102202122897121435
2102198456093716749
2102197884779164073
2102214741980533022
2102197155947524390
2102203411869409604
2102206564237017265
2102198910764671372
2102193853692305728
2102186179974012976
2102212534883287218
2102208761763094717
2102204985358610859
2102190227108298867
2102205575287259370
2102202013698154584
2102192890155798946
2102182655223562669
2102182644288979383
2102212623706038468
2102208881124397551
2102205083588993469
2102211990110228501
2102208716242125148
2102208139223527671
2102212481682702728
2102198446258106375
2102184588697092573
2102213793359241656
2102212668060807486
2102211556419235921
2102194978298728756
2102194257373131084
2102197337464373265
2102189243481145537
2102198754359095460
2102192063915696596
2102184910681215353
2102213823193047415
2102207873820373123
2102207916334067998
2102205882318692837
2102198671462789511
2102193123388760080
2102193016433783182
2102215774316146692
2102213259323457594
2102207747483676685
2102204715077382243
2102214933844758708
2102201213228040347
2102201211944661398
2102188793386406378
2102213369507840390
2102210101046120610
2102203493909967204
2102216475478024384
2102188048096321914
2102213708931809385
2102207270016970915
2102193928136999330
2102208760835936440
2102216392342655076
2102210227835752892
2102208882504302986
2102206074497466787
2102214816446218612
2102192747184541876
2102186827603939746
2102201979980386660
2102183371321282819
2102214547926868074
2102214397091299747
2102212714378543478
2102297265461440955
2102282099961299426
2102275184136990751
2102234312045195527
2102217700378313064
2102219826877829272
2102241207661547769
2102235985585004855
2102269158058562047
2102261609783845276
2102254060770566374
2102255810097094671
2102247104408142195
2102245650159308980
2102220641617248380
2102221386974462204
2102250513987219499
2102242815430340616
2102239065701536174
2102221949749342208
2102225864133902483
2102223220921254193
2102202740856566209
2102243288161866087
2102219242317779372
2102226075510276378
2102238267357692263
2102235420129923306
2102239943732981859
2102237098786869270
2102256586785948107
2102218355310575749
2102227706389696809
2102283608576680160
2102280737403629902
2102255884378198114
2102295520358101098
2102240266383917298
2102235049978364334
2102291813969088525
2102276709844484224
2102250724004426161
2102247741250584617
2102292468741878207
2102277278247882981
2102260350179500213
2102260482971218156
2102240251095736813
2102236641800912917
2102228796921549081
2102227456472039448
2102259376035668372
2102258911738765585
2102231625216016513
2102244176054059440
2102236388728947166
2102231801494163485
2102224100731109513
2102216711550234917
2102231106120491172
2102230461473038439
2102228620617908625
2102231240283984024
2102231128430031170
2102228824305942586
2102228220976169388
2102224613153362244
2102224499743527103
2102224424522940832
2102375270665818573
2102363800708022344
2102358564308169063
2102360588282220791
2102376149695201791
2102362985293570420
2102374862136258949
2102359218737303861
2102378630173327482
2102374855954104358
2102370829115736545
2102353259235000817
2102351920409047426
2102371125774664060
2102348436045549740
2102368063957897504
2102363420297175187
2102363278382948837
2102369397281063378
2102369362086859129
2102379314599592391
2102377993825817004
2102370840901820527
2102378979063730364
2102372039042449861
2102352814525595811
2031426378109788564
2102379826162073738
2102379637775216792
2102379196450259304
2102352630353908101
2102378378678370439
2102375258657587354
2102371654164983943
2102375136934420769
2102371759441809713
2102371421909405830
2102374856784236682
2102367320190460133
2102341802481115428
2102364299930837300
2102366249195905052
2102359397510848815
2102312671424942318
2102307863024619948
2102306750909075817
2102305823791698426
2102378473700614230
2102374856218009618
2102377431277482078
2102374926732652968
2102367656917467536
2102380886574416338
2102379383855931700
2102377371219423522
2102360934509326539
2102360796059586851
2102380223907901440
2102380980468134127
2102378021843841088
2102367792762609876
2102367633278664920
2102363184346669350
2102378750482530510
2102378136767979974
2102380729841922327
2102375399401619901
2102368959173734523
2102376054304477339
2102359871463227502
2102353168533254454
2102377474369687666
2102375784539169073
2102375770295603388
2102377961592615326
2102380126721708283
2102376213931041005
2102376165558063499
2102377418547687562
2102372730028912951
2102036012524257324
2102432104944734649
2102421496886927427
2102419919262412837
2102419951545950400
2102428220108718446
2102440437029998797
2102447015976198295
2102394152138711223
2102425898108801421
2102445647337046152
2102417565968388334
2102433368151605345
2102409285208568315
2102446386411139226
2102436697992532330
2102431058847207625
2102314507846766934
2102406703752814830
2102403571492798511
2102395562725159342
2102381179416543244
2102445505993474072
2102444437771358651
2102444224579068132
2102448349060256000
2102445928187593215
2102443640412872934
2102435677027610921
2102073392891302196
2102416009537741127
2102425588774338636
2102409621788893508
2102427968647647690
2102424774391603542
2102446598836162673
2102411616021323828
2102421199879893390
2102416831952597358
2102414562838392867
2102411169302446146
2102448645979123871
2102445016232673399
2102443676962037812
2102422332497338698
2102440518621761599
2102431839860269345
2102429570511036491
2102384272652841047
2102448050765467806
2102447971044311459
2102440935594619157
2102447568479465910
2102447061387927741
2102440792803409990
2102423196653793476
2102405765424115785
2102403142641926382
2102448068318937249
2102444278735831109
2102443199813853532
2102381408043868275
2102392419652096048
2102399802327601156
2102447814395695146
2102413294854099172
2102386586159616435
2102446099487232222
2102421287851216948
2102421382734725390
2102202269852938503
2102070454529798421
2101127026086179223
2102445963080331565
2102446103505277073
2102396744252178693
2102398733719879862
2102156009783677401
2102402096578302223
2102402093009035441
2102234642720141361
2102425831150633274
2102413982258856313
2102405760604864891
2102446730122064274
2102442409611153754
2102437889594257894
2102415077106467027
2102412006217465949
2102448756033523744
2102442403835560013
2102442037651931483
2102442811425464504
2102435254258856322
2102427711369306344
2102435394721906889
2102397453295075615
2102430893118050427
2102416335380586651
2102418294070521891
2102443491293118938
2102403744440750465
2102396438432862432
2102405529263800345
2102405541330821461
2102449152865030610
2102438263826923821
2102430048393298245
2102442935757189532
2102428933928935581
2102417397630018045
2102405873654018304
2102449827954950174
2102445381304881201
2102445354645852472
2102448053600788783
2102447529291870377
2102445824940683774
2102442589131505881
2102406270888427768
2102387158242013536
2102401027039248621
2102449023718191259
2102444366216216868
2102444305818218620
2102443317325631957
2102400495679901981
2102394786871447823
2102448790666088884
2102443496946733121
2102443250372284751
2102450775863484693
2102405056008184039
2102449061743759378
2102442417009955305
2102427121687654605
2102445795140055304
2102444770299928984
2102419656745349185
2102435676226568456
2102401376282165296
2102382128298164344
2102450976401543406
2102450827193405681
2102446734911623418
2102432112343195833
2102428648850551063
2102424614383284418
2102451074971943170
2102450306680492209
2102447437617176841
2102450860038988027
2102444473233850486
2102435689203728410
2102438272811090097
2102430471590146494
2102404298747576471
2102430229750833452
2102414805692821548
2102407009970635133
2102448583848996978
2102442981697495138
2102440074700824657
2102493022013309079
2102490887599104186
2102486127152070949
2102488230193164422
2102488252032696674
2102457948232462583
2102492424631112053
2102460370656899169
2102470743221256197
2102470760367259811
2102470771109147015
2102016669895799143
2102016651348640090
2102467856956834055
2102476823397327091
2102159709734105235
2102469920592216082
2102460852435914909
2102450171061686407
2102492787136499734
2102492402674209163
2102491928885432563
2102469953865592890
2102454008812114190
2102450944294232319
2102487733440508201
2102466603497755049
2102488476180435128
2102474807879057442
2102488833539633292
2102455757115457602
2102491891933606210
2102484342836519347
2102480594210799834
2102484171754975709
2102473874973573469
2102492275406463238
2102489500643475954
2102481235125956687
2102481412641243647
2102456315637363117
2102491980164944268
2102491971684073871
2102488788664483869
2102492902765031441
2102489860300787829
2102482388370571279
2102489420981047608
2102486445281742926
2102480614498681045
2031958000357781632
2102491376675856547
2102468237711532508
2102488658032898534
2102463441801707749
2102488310480617581
2102484540879159450
2102473897358619088
2102485002206450148
2102485266082455592
2102487412442059073
2102482974801297786
2102465841271083300
2102464653930484115
2102488572351696913
2102462893371642290
2102494350928142574
2102467905694691831
2102482961815810137
2102435909400408401
2102443881514062211
2102463482671345897
2102486910275105227
2102486085423047110
2102475102323626013
2102454198612971545
2102454201255141654
2102494779812852079
2102486553222402352
2102481233301155981
2102491907217555737
2102490136915374496
2102466580558786577
2102454069038112786
2102488103885930999
2102480551513088236
2102479461480313118
2102460260703404415
2102476846184960026
2102483335457231107
2102476688957243587
2102472585485467770
2102490564386013455
2102490018992337312
2102486570540446159
2102457320148218185
2102482588128378896
2102458331906429036
2102454686020415653
2102455539753980283
2102464951873077532
2102465022089986242
2102494564330164335
2102491536105554159
2102491512424604154
2102495455057735858
2102493753726669019
2102493013893349608
2102491492887433697
2102451736711675926
2102451750066434309
2102477183335678032
2102473731939672089
2102467227257897339
2102493480240963632
2102493236065390882
2102492120158286259
2102486168466243730
2102481203668320261
2102477077257580893
2102490816149409932
2102483221628014999
2102481190200496518
2102495706556903715
2102495462423249253
2102488096650473666
2102488750622220612
2102474048726827313
2102459467359211885
2102487975686729826
2102479030138056887
2102465994014728419
2102486484112859456
2102494737420697731
2102488897259233505
2102479530506002592
2102495781987008956
2102495507868221819
2102494627064385895
2102496154017833289
2102494448487661756
2102490716631175430
2102495889197592901
2102485630689165645
2102473797420868051
2102494789233262636
2102487716139249975
2102482951195746434
2102485945752629518
2102485733986480469
2102477440794931609
2102517521882755244
2102517536243769851
2102507235872030865
2102508369856934304
2102494456230404255
2102502293253824649
2102534348738093067
2102531854205157726
2102530197555949631
2102521813435875714
2102510481592254590
2102510484213891548
2102519282618003510
2102533444311924937
2102517055475880404
2102524155149308066
2102523499382206671
2102515609112383709
2102508634789785965
2102525852441547074
2102501841640579437
2102496933764022776
2102533405892337677
2102525849345892569
2102514789662466248
2102521203378262509
2102533616068943991
2102517350943568116
2102510411190833528
2102506752713363605
2102521966657712253
2102502943878795587
2102534069636481208
2102532368871416287
2102530459917758624
2102533666400538624
2102524312959819946
2102512723137617946
2102534110522585340
2102529718729744842
2102522175815082093
2102529989170057477
2102529268635115953
2102509553502056595
2102532321752568030
2102524788610621469
2102519224950497300
2102524765281923230
2102509153050595838
2102492707369480390
2102515772635451557
2102533413198553591
2102532431903428946
2102529938519622111
2102533604337213876
2102533588663386236
2102526220219117747
2102510425447264438
2102511850575237309
2102510109511561534
2102507103709442362
2102535222122197169
2102506147034878343
2102505043140194316
2102505707287216312
2102514514839408835
2102525271597346945
2102521729809522913
2102508649331765318
2102498401543717347
2102516993358446727
2102513948163477705
2102514013267452148
2102502922605215905
2102516884692156673
2102513454494167185
2102529107968020617
2102522551474029023
2102509093219086413
2102530911333933564
2102509397910135115
2102507438662439271
2102518308922855745
2102510750615138614
2102503207079428557
2102521639346872529
2102516246046535713
2102515093606953302
2102501884514713789
2102515206135959969
2102520658655658030
2102511402519036025
2102508815740490136
2102507777570570689
2102535560019468598
2102532019620041136
2102524008176451864
2102534379935298019
2102521991723159764
2102519262447644900
2102519694913839179
2102521307350917367
2102531477863063794
2102526507138625898
2102525423556997216
2102510753953530039
2102509833844846803
2102534911706218981
2102532292925075801
2102530900353335684
2102534527264469262
2102533879613862137
2102526333310173341
2102533405015728541
2102518309359132849
2102503206916079840
2102516724008407489
2102506703472218170
2102503356971241903
2102517093455270055
2102517252285518084
2102534179996975331
2102528707239842080
2102524804930646172
2102527128684441641
2102525880631164967
2102523844141744612
2102526500884951209
2102525979336012033
2102524504484512015
2102528504239632674
2102517329288401367
2102508858438455560
2102498670633697505
2102499468763373992
2102521504328253878
2102520016725774769
2102516568232215003
2102551798321946650
2102551016893768135
2102546229909479434
2102538932462235676
2102570444364923027
2102570107814002873
2102569822731260183
2102568079972560914
2102548731434258530
2102536139848429814
2102559490440671374
2102548499652874291
2102544817095901572
2102543121389138238
2102564719240626463
2102535564310290835
2102567382820499964
2102550376041865341
2102556389826580719
2102556218091045063
2102555452395393340
2102556030144249934
2102555875462582409
2102546030717809092
2102546691039625296
2102418467366609073
2102571148752175579
2102563608001695886
2102556821638553720
2102550507718086691
2102549230208323764
2102563682546753702
2102568855574839310
2102569367343157543
2102566363327856869
2102563033474101678
2102547033340969434
2102544286826807791
2102549294179848470
2102571273863766182
2102567465452539976
2102564035631722884
2102535921811997144
2102563128190157022
2102562441511014801
2102497559038112008
2102566632572747970
2102542684451655867
2102550324242207195
2102571656921112954
2102571148781515066
2102567351774556396
2102541190591545636
2102540784163545345
2102540147313066082
2102568937695093092
2102562772269625686
2102554737765704128
2102536296065290410
2102565620579434982
2102561619343491505
2102560831539957986
2102537022116176178
2102557133568966685
2102559423495295121
2102551820510097676
2102545306575323533
2102558256547647747
2102551953716785615
2102569550684594619
2102565935504576992
2102544766693192145
2102541398704861437
2102539352244916653
2102545083640041560
2102557002564030848
2102549176097579019
2102565525083902113
2102571027221946741
2102565551318978765
2102563664758714729
2102563602540777641
2102563599873097780
2102556539639025717
2102558654058619314
2102561175485473117
2102565236809121918
2102571194356478155
2102562165458669821
2102560160099004820
2102558402907984153
2102566099048939920
2102550397529575828
2102538143836569892
2102566464209227968
2102556998994976858
2102545750349468149
2102568924470517987
2102569534591050008
2102567757875220581
2102565134665220242
2102564011002728743
2102555814921712018
2102552876866273561
2102571271762407790
2102564524494663687
2102555254571057469
2102572180114698413
2102571087657681177
2102570175677505962
2102572302093123732
2102571225423794462
2102571123346932192
2102562831732244809
2102546654775615993
2102557307091530172
2102570875836871068
2102550563778941200
2102550507898187927
2102573805260484634
2102626397231432145
2102623907207365119
2102619806709022765
2102589560844652636
2102581550520967371
2102572985114661131
2102602057203040701
2102589852470399166
2102573710217818227
2102579079266423184
2102645408426004684
2102622381919330548
2102613532869300627
2102622681476546847
2102564090438668433
2102631547345961326
2102620221190320513
2102612671535194338
2102577504124817894
2102641979863761356
2102629958573289817
2102634599352246408
2102592753158819944
2102591954408136940
2102589931944116383
2102609861934489829
2102605206051602874
2102601447753879770
2102623710179971477
2102609007500239166
2102597561391448421
2102583118901264746
2102599220435849531
2102606380175933897
2102605496012399074
2102603558407577628
2102593122144236016
2102593131883733154
2102593142159798305
2102584947068342587
2102555036245205212
2102625650352009485
2102594762230337861
2102620221546664333
2102605121980899808
2102590022381625667
2102577037827305813
2102581632658030769
2102588893367583111
2102579594893115667
2102578477660578016
2102587980812624189
2102624534411067581
2102575162117804204
2102583849075212736
2102579760392024115
2102610794667987091
2102607911025332721
2102604468642570576
2102639098720907491
2102593532431073290
2102592477257421096
2102589616754978981
2102589625730560388
2102589634161336504
2102579535149404576
2102596033087750473
2102639611004530967
2102620848838381903
2102610644218327138
2102617875944972761
2102605730389926277
2102580621268631931
2102607620443881686
2035017865909125171
2102600869191487801
2102594896813048184
2102587934717186195
2102621229534322808
2102620705141489983
2102581659203711011
2102594186071454119
2102586488324084078
2102579102356009200
2102574321545928778
2102573204527354081
2102574411161231577
2102573333967778148
2102585123635892397
2102575031481926013
2102588458116018525
2102575967994581249
2102599163078709264
2102591920757211292
2102591792499556824
2102728416516563040
2102726802317750335
2102722872082927851
2102723324790886770
2102654161758396500
2102719195213594884
2102729704386040169
2102729513935249577
2102729308926001169
2102728329820316006
2102714206902481185
2102726113831047188
2102724135734350018
2102732835157168376
2102732114722726256
2102729958380405083
2102700629990789148
2102722489323336185
2102715219344564623
2102729883000648175
2102729698186838263
2102726101005119533
2102715120300577190
2102712831619531236
2102718020233671130
2102729702154936788
2102673395825394099
2102733528546845053
2102729986968875358
2102724088191946758
2102732209580843193
2102729748040605703
2102729695003398320
2102716421134246264
2102716778623152256
2102717350675874023
2102732806069572028
2102731561258877322
2102730722976870629
2102730236181766528
2102730184189419768
2102722232573382914
2102714600621781501
2102730097417662927
2102732577798865150
2102732560656896097
2102732319190601854
2102796374739714268
2102792254993625109
2102760914545967387
2102805644327960903
2102799912760983626
2102793062443565207
2102805719321837749
2102805755812298890
2102756770091315560
2102806765066969271
2102752090120446438
2102778107442704664
2102771779748180264
2102770643489923580
2102770823417266370
2102801742152823174
2102765471917289553
2102737243215647141
2102790091643273503
2102771469361008941
2102753647926943854
2102805199374917996
2102803681880248476
2102803041976283410
2102759155601690776
2102797389212058059
2102723447742755015
2102722272137973783
2102803514451783706
2102793809599820086
2102759975852405159
2102801844871262304
2102786074028483007
2102147419538411831
2102775302761881773
2102774999912222824
2102733646805217671
2102772447980228766
2102767573074878733
2102766885649502293
2102806879235617275
2102804019055894919
2102802640341971093
2102806256784400833
2102803107176390885
2102781257923108885
2102803290203341142
2102802391015768180
2102801635093234118
2102782854191018053
2102764666388934965
2102802873734267178
2102801922357100697
2102797904561750284
2102806082007502963
2102805657095143749
2102780206305996817
2102793317029224589
2102740539590504916
2102807706935451734
2102802673812775323
2102801675891408902
2102793176918446320
2102793163530441134
2102778434208289239
2102782540964901243
2102776494242058647
2102765678042206703
2102761329530380292
2102802155023311218
2102771148673233319
2102804608875913643
2102806540272931078
2102793832492388375
2102785522389098822
2102735573693735050
2102764761079238948
2102758377432789088
2102776968269697380
2102776971864478207
2102775777536135441
2102806379841097753
2102803672321142897
2102791166727274790
2102768930481713388
2102807897054806370
2102795819522875518
2102789966744969656
2102805197734949233
2102798075420889393
2102788852867825849
2102800588895305823
2102590254632898928
2102808270637596692
2102802042414620693
2102801460060647548
2102808542063493380
2102807992559141036
2102807580125139357
2102785970068222430
2102755479239757983
2102749250224333140
2102755091858014676
2102803451331682563
2102770305009696803
2102783086450671752
2102779135168790995
2102764062744478197
2102751270654365839
2102778871661707490
2102782544114569374
2102784985736605934
2102767418481537188
2102805960901238902
2102761812324229191
2102807767778005156
2102803993537720469
2102801474958790958
2102808352153636996
2102807257213698499
2102806951801536931
2102808869005083136
2102805501058699515
2102806839201087794
2102802240746483875
2102773839507931403
2102804956549959732
2102800902373470701
2102795281154629826
2102799657332019421
2102798104982401128
2102762555634794913
2036180562893758629
2102801445636669703
2102797532854386704
2102783557655801997
2102782543548260712
2102767442225459660
2102738687314530751
2102798033955996077
2102777286919360536
2102754050508837360
2102796197287137344
2102782669742334077
2102758290757177676
2102809121808318756
2102806671391064568
2102758734137000047
2102809281921950028
2102805551642017931
2102803070526902511
2102808738264391756
2102806165885206643
2102803812780310882
2102806402766881176
2102792083580785125
2102779393496027317
2102778011280150689
2102754811250606140
2102754738177462523
2102801853230854552
2102793371807105318
2102786689403879757
2102805029627244722
2102793425275818214
2102787316234248296
2102835607076737247
2102848689173872970
2102854195288449528
2102851478973280524
2102849304025055580
2102841006794420339
2102841008971035127
2102837923766768106
2102833455021101546
2102818661748625521
2102813469368017240
2102834535855464506
2102746459254780169
2102816513233244243
2102852829664714978
2102855654809440522
2102853982016479425
2102848507380171091
2102842577372188877
2102841767024333214
2102841577076851156
2102821254793138522
2102819136577421791
2102816763859603663
2102846067691688236
2102825519393996889
2102812226193125641
2102809037758751179
2102808705028743350
2102808226639008194
2102855477059326163
2102855415205912698
2102852963857297817
2102853254061158854
2102848656546083259
2102837185854529853
2102850892194369773
2102849292314800165
2102832826391695616
2102854612864684207
2102851285011628283
2102846821542265064
2102855499435675991
2102849331393102073
2102838234514604447
2102853240790335498
2102826576438034502
2102844825129165308
2102843775747797191
2102842823544631466
2102851937934692481
2102851926249619878
2102825213067215340
2102819651994685922
2102816717399531561
2102819412222919036
2102819575939150231
2102843442011529377
2102843454418297169
2102830221032300873
2102469439304130884
2102553460423946486
2102809453141569828
2102849605884838289
2102837858255925345
2102811600138965335
2102840818163732587
2102837316020531279
2102836834610954671
2102824512689487974
2102822752017141944
2102835384568676393
2102825384785973350
2102822371778318401
2102847030603268601
2102841842655953175
2102833130893656274
2102814058260901949
2102812684726960226
2102811205999939662
2102855081074831459
2102840438033990082
2102853679850123313
2102846319144452484
2102833025059110913
2102823131521896884
2102856691562041574
2102821015743324399
2102836772254191984
2102850099478991096
2102852825768194079
2102848533401674138
2102848255772008759
2102856212765380691
2102853675773296918
2102851890098700413
2102809529087873341
2102835663527895172
2102819515155562869
2102851150689009740
2102848076553547877
2102840212342845461
2102850225652044221
2102836740209701070
2102835427422134722
2102854788786303069
2102852103047954437
2102847228880760924
2102854562017132755
2102848404519018628
2102845516241682443
2102849602546499879
2102836610710606096
2102820580034781464
2102842336178749788
2102828895720599974
2102825363449708726
2102854748785291407
2102820364996706642
2102843080504160647
2102843299094462684
2102857123491201374
2102857015223623731
2102851099052904606
2102856405652853248
2102852196941611521
2102849924861997465
2102854985847546050
2102852732331630734
2102849905878581601
2102850215707369865
2102836249610399976
2102831033506832562
2102818077263925410
2102813097547137051
2102836847294505443
2102830714450534895
2102825752706322939
2102845729400095005
2102842837402525790
2102842338955624943
2102845172916625581
2102880329232941420
2102895187743904164
2102888333642719685
2102886998331813893
2102888266789712102
2102865257169338645
2102865287875879061
2102895797171871915
2102877369941831895
2102886829313642791
2102878963467215101
2102860903913861567
2102861684528369851
2102861419523752320
2102865591895789893
2102862877488976295
2102895794542309706
2102888237505077596
2102885721409306913
2102886862151201175
2102886625877311794
2102886443194388583
2102885929887076860
2102866123993825740
2102894534216626482
2102883131405861284
2102892811591053792
2102885571047682554
2102874947937042863
2102864144143691799
2102896695545610535
2102891432222609857
2102886819260195034
2102883626396295179
2102880389341589914
2102865862965534744
2102864871985451366
2102889686645572084
2102889118522921383
2102873184051822617
2102869546046804226
2102896349259702284
2102892106058473574
2102888580800516301
2102893481416958424
2102890005500723650
2102883648550944790
2102885553016299591
2102856577468219639
2102862989443617124
2102895789592957086
2102894597605130243
2102893032521584779
2102896284101136725
2102896275553443904
2102896167377830044
2102868378394214755
2102869465629122795
2102861557403168860
2102887428310618487
2102858701803602350
2102876477041611120
2102876513678819548
2102878049930977756
2102878326310519133
2102888045791920232
2102879018903314536
2102897598306930914
2102881380741042441
2102864725784814069
2102861909490045409
2102896857727021208
2102888616573673673
2102882155663950295
2102886573079429435
2102882287130235263
2102879700800446816
2102894984785531076
2102893809751179441
2102893440170127565
2102876599511023658
2102893371056353519
2102888928906756254
2102884068169769342
2102891053854400983
2102881667559964915
2102884681523859648
2102882827855352264
2102875043692708288
2102865595213770830
2102895798459511185
2102885035703676973
2102897377862377730
2102893733486235886
2102889915029623125
2102883261965803740
2102896996424069512
2102892751922872416
2102890836849836325
2102895450642669722
2102893456150413496
2102886970812768348
2102868025074430381
2102860609482260932
2102896531225411768
2102893987040313674
2102891346398736692
2102884754026885399
2102882172894081360
2102878988343357797
2102896933992038773
2102893967188594877
2102889115062779942
2102888953237942418
2102884557124964368
2102873484971917755
2102882527903879448
2102875315785568629
2102871550198174100
2102879328610730151
2102870651522666839
2102869702368178317
2102895149906858403
2102892272584949804
2102896361817489442
2102887066333757469
2102881461363699899
2102880711133020172
2102880175910191302
2102876831833878620
2102882772868092393
2102880060902621570
2102877141763526869
2102894112600916236
2102869596709503275
2102866301400039727
2102886979293893003
2102896624347623602
2102874152017203504
2102866179782062579
2102866005592609104
2102894655293514118
2102923365468000353
2102914194433548294
2102910562598535311
2102926000820469872
2102913752072913070
2102927916090704365
2102899646766911772
2102915118795239587
2102905142303412309
2102925777087992255
2102910485591101705
2102901518630375607
2102929761072804282
2102925988472430704
2102922211359359182
2102898405718528046
2102916712140005543
2102900251464024565
2102902962775322656
2102918472363573589
2102915771202470019
2102903177377091689
2102910137610760541
2102907128075960439
2102904568577241407
2102929856216396281
2102926878776365545
2102914893653352875
2102899822038851851
2102914284489515439
2102929508911178013
2102926816503595380
2102926822321098851
2102922613962281422
2102915013820498358
2102926440379674830
2102917253779906939
2102910894170935361
2102900840927244652
2102900636006126037
2102899960442462332
2102924738850865161
2102911199457210731
2102911211754897659
2102931702012399640
2102931610165272677
2102930849146835371
2102924003220562332
2102858039099371897
2102919969940124019
2102926819527905637
2102918066178802148
2102907683443732894
2102915410027024738
2102901948831748392
2102899757228122513
2102903518906417260
2102897940763136124
2102898689484206494
2039061014994391519
2102902423475954015
2102924956627533902
2102841716306743743
2102767152646246562
2102925786064060709
2102925595956986082
2102917434168463556
2102915953151431139
2102929852659613997
2102927999352152288
2102925987344511411
2102912542053896650
2102931132111069538
2102927578633740675
2102927378158653589
2102901946277310954
2102913316532486634
2102899147993129023
2102909316932260263
2102906175847297137
2102901520630968510
2102930359750963542
2102903337658077632
2102911823792247217
2102919436818649295
2102931848993112245
2102909281431384234
2102926959076344236
2102916759099523303
2102911633177616749
2102922431245541858
2102902554640121940
2102910854622486849
2102925208382476462
2102904235796935090
2102932468194050493
2102924235249221972
2102923910446456889
2102934809009848641
2102934827288687100
2102948722250494241
2102946157429211290
2102966443469832407
2102977784024809861
2102977479698719167
2102970192481706329
2102943774351429635
2102957309336969318
2102946337733881963
2102949317543600340
2102946164697932150
2102966426294194260
2102960095994827244
2102952430539289046
2102965018220253205
2102986385095565686
2102978836203704712
2102971289455481190
2102982826169602223
2102982443653570644
2102973575749640393
2102971942412189970
2102967657062400405
2102963830833688786
2102971559556141282
2102960331064492228
2102955015723741369
2102927071303418152
2102958587601678452
2102956198244786554
2102953669012722166
2102952973479379225
2102938771989709206
2102942713435865216
2102925743525417072
2102957087231787408
2102949175201615989
2102971287882637462
2102956187071201325
2102941090169172407
2102941740902572461
2102933720638300649
2102981787718963335
2102969273681346586
2102959285118357887
2102950889506185629
2102939998618108412
2102943471388467699
2041240829650518213
2102955775576387845
2103001827100778996
2102958199611576604
2102938349652832405
2102973857497788671
2102969810019659941
2102962124364611593
2103001490545897791
2102941088655060994
2102935580493357269
2102935454983340356
2102953459737649182
2102964050934030776
2103002096375136413
2102976317767426121
2102973892042137977
2102932611458883825
2102972131822743568
2102970124235895139
2102966206948929621
2102971000983818343
2102977622728700107
2102975525266305335
2102974591912046667
2102987488478331361
2102987144079749490
2102951551807435170
2102954674244526248
2102956562327154937
2102952602459594950
2102948742814998741
2102951389484011864
2102947833062322663
2102946704215396566
2102935005227806785
2102951169236906337
2102935649414189340
2102934951670718832
2102946664839282936
2103092283516375517
2103091211745845391
2103088765459710263
2103088726339371094
2103083222619857155
2103083070819844420
2103072116400873486
2103092084076912912
2103081110452511092
2103092082537865601
2103089951378145402
2103089459247903177
2103079368754860483
2103084850819272939
2103090331948355871
2103085056826753107
2103067093386104979
2103080010248585604
2103060826487742586
2103060672233816521
2103084885627802051
2103077604685193688
2103065917642998011
2103092071037071557
2103085339111760108
2103078248209088608
2103073955263181121
2102909992827322577
2102926497220841797
2102938524211433780
2103089363689287935
2103093470520856854
2103080530816446819
2103090728628818244
2103079489387331931
2103082426863890906
2103073603613037019
2103072851800535066
2103074348940849595
2103094161792475519
2103092376486981832
2103088754403442957
2103092518527127715
2103092081162068140
2103090169649774916
2103079538431266870
2103079404364546147
2103093292338393427
2103084151293268253
2103077592886607994
2103092405939458515
2103092333717938335
2103083822413656569
2103093186121863426
2103091120792080594
2103087777893999028
2103084743575363693
2103076994946601363
2103092539024957687
2103092519647285616
2103091030237077645
2103093052055105588
2103155323804537251
2103165190195835073
2103166443692904917
2103167648791994808
2103167066823938323
2103166155338981564
2103152629031317555
2103152654423609807
2103114471266750573
2102893180072960430
2103137143690297615
2103139170625458435
2103108043424547084
2103126411380691407
2103167309036544369
2103167313017209190
2103167316435333614
2103134819907506587
2103168220773392546
2103168225269973491
2103131070288036033
2103141848491360587
2103108654333317428
2103107252278202818
2103158146764329030
2103106988833898964
2103110537177674068
2103152485808685466
2103151360334065708
2103136734254968981
2103064391256019331
2102903337507266982
2103167493493690713
2103164528892796952
2103159598538518846
2103119818635325490
2103131429274026232
2103100573914476821
2103154552786567294
2103131349389369768
2103140616561455595
2103109125148233742
2103147331021316274
2103145801169940629
2103107025450184750
2103153305295724620
2103127802878874077
2103151534771204222
2103095816520900917
2103146524545077385
2103163864745492791
2103153173250621453
2103153001456361690
2103167532622340241
2103168163626328094
2103157558471020664
2103153198626201803
2103161238738075679
2103144639427744195
2103169142840766509
2103162679405707769
2103160356923191300
2103166409471910048
2103154466476392873
2103153537605894586
2103166988831084952
2103162253595787271
2103159683846398321
2103135692557553683
2103162157009691136
2103137736760635796
2103169018446119416
2103156042146148416
2103140740134027595
2103140727039697096
2103118102481555739
2103167283246113250
2103134223527821460
2103151515770745076
2103122512506651101
2103164503034642715
2103159901014917153
2103093282355990565
2103162087442657371
2103162071789555806
2103159383844868209
2103144782440583388
2103144784743276678
2103142443549851811
2103157615958118641
2103153311109218475
2103151442165219444
2103131238315753872
2103167533087854771
2103155921345986897
2103154802746126615
2103167807319945562
2103167586783711658
2103160029180551298
2103164721176137933
2103137027638083839
2103121491894178193
2103159307457990825
2103157829079048368
2103155433061916902
2103160468651045013
2103134756267290918
2103166867460300945
2103146930788286516
2103143887208391102
2103132186694078517
2103134472879448088
2103127393699287432
2103140756567548250
2103055094673506722
2103108978310103102
2103167585663484099
2103152483757396024
2103132667134853371
2103161444628045942
2103137869657518214
2103117110461550730
2103144929459626012
2103101961369231720
2103149411152822720
2103134550817927291
2103117832813007205
2103165477555929446
2103163097665982927
2103159412311679261
2103168901064355867
2103165127117684768
2103163859464806519
2103170250162274495
2103170184932425919
2103169346642280511
2103165032578138550
2103165492072423672
2103166084538912930
2103168536625488357
2103165207166030047
2103164172221493679
2103123289870672197
2103156480010526932
2103154959785070635
2103124648779235718
2103166086162100520
2103163979023454450
2103163192239444476
2103169769100787989
2103160761803567602
2103152483900031168
2103161919305658392
2103160775632445928
2103156649787617780
2103146790094545177
2103108472485122519
2103107675227611308
2103159667719381356
2103129726562808264
2103123119648964893
2103169206329938168
2103168204763779300
2103165693709488522
2103170469549441214
2103167895346032782
2103166081523212422
2103169937833701481
2103164130689769849
2103161967183634766
2103165657051209867
2103134496828617001
2103130259289690367
2103162041607532628
2103160783635177611
2103119627161117041
2103163857493475825
2103150362983006361
2103141001787244683
2103167700872638513
2103164796623303108
2103153271867122123
2103138914072461714
2103168371361505298
2103177003490791550
2103215790405091629
2103183861299491310
2103219834750476400
2103213964658385138
2103212881651323113
2103181683470094575
2103181714239443123
2103175424473813345
2103209652234437059
2103174101032714565
2103143238718640128
2103118095761997936
2103118743236677752
2103216338038554958
2103215503988699566
2103212876861263924
2103199288906088929
2103189115973840979
2103169503861276989
2103198941462278224
2103177568383832243
2103204383722783065
2103208990830161927
2103217707223027991
2103212135123923199
2103195834078687525
2103176110351532146
2103170616027132069
2103219852437520597
2103212353206562966
2103210966284648954
2103219107369988312
2103218039168827643
2103183257688772729
2103220586042241414
2103216761411686447
2103213444560244753
2103210937243374040
2103210187167510912
2103200249867014547
2103196119442370979
2103196191160758562
2103195166735520236
2103192704825856054
2103220457356886294
2103216651282038838
2103214756853420050
2103182616128077873
2103182606707896485
2103174260281766262
2103218700291617242
2103219371758031333
2103219235631563156
2103213310501933324
2103213327870570657
2103202828462240074
2103202854424953094
2103174009605300338
2103210266116649089
2103188408403157066
2103208155123474851
2103208181333991844
2103205335993368947
2103205348622716975
2103201086547087451
2103202488824496528
2103173772932985023
2103182906235478510
2103170150598078931
2103217823933972952
2103216287161991365
2103201743198998875
2103211755866407329
2103201983629033551
2103200035198353910
2103209911240843589
2103201946437861556
2103191671152517451
2103219235828777150
2103196550226657342
2103175127995482624
2103213066481729635
2103196809417912584
2103195402384105532
2103175666971591058
2103220255178756233
2103215715662860431
2103215721195155884
2103215644845986228
2103212663182639259
2103183309618782545
2103221732756582882
2103151847724757282
2103182349840142347
2103205649152938236
2103182684117709220
2103216577994952757
2103212476112449583
2103206231649452260
2103212712612503668
2103212873006645480
2103216464711037290
2103216320909398060
2103214400320790546
2103221695720955930
2103218001885397350
2103216712233476444
2103221507887645158
2103220468719218992
2103218801466626411
2103174635860980179
2103174497767657938
2103190329558028631
2103173348226114021
2103218345814249795
2103212116958220622
2103199414152012233
2103196117227753555
2103177397151424525
2103177373738999809
2103178835999011322
2103210633885868418
2103209504104178118
2103201034068000846
2103215917337367023
2103206969356267693
2103201722311078244
2103213958848999614
2103182988515357021
2103218978411733041
2103210724818362751
2103198786960941502
2103222339160731775
2103220971763118374
2103220345943752948
2103178897466482949
2103219310260851035
2103213581827256523
2103204168001339424
2103205253973999916
2103203237335609492
2103202508873359707
2103222701699612898
2103217089095901208
2103215386032541856
2103216789677117757
2103213654560624995
2103201786827776269
2103194244920041578
2103187738778640486
2103216383505109096
2103215985201144006
2103215695484133878
2103248608988365265
2103263150397411832
2103262399281168818
2103260837704089760
2103250625429725385
2103250626180513999
2103243307501457450
2103240802780778754
2103228489922933224
2103255662029664572
2103222190976201016
2103258821015532017
2103241638114185440
2103250627002499426
2103205399251865684
2103227755358048760
2103251369763524831
2103258175226982461
2103254629332951294
2103250632878551342
2103251329372352936
2103249471182147796
2103250629829554476
2103231884834615800
2103227793597403243
2103237559446880580
2103232299705790487
2103225638618275993
2103254638535352602
2103258630397333678
2103253140116324831
2103246827344592910
2103258299466473930
2103257620694082005
2103253261830459483
2103242146086273502
2103236251486695737
2103229962505556418
2103262056711373307
2103258856646148603
2103254724547887183
2103229728454742325
2103227754674307271
2103227605579116941
2103254520738258953
2103249770965782695
2103246480391930244
2103241761766146087
2103234578815074379
2103233327360881098
2103264466448318880
2103263894433304617
2103260691654480080
2103245311204262019
2103250286340985113
2103254952344953071
2102876204059758698
2103246622281056603
2103242354450727365
2103264018890621358
2103264403411931424
2103264367793873024
2103167407988613596
2103233003551961262
2103222175482232946
2103232916763672948
2103232931741479404
2103249508717257158
2103222464990138814
2103239301970419839
2103202547473277305
2103226679724249436
2103240851241443486
2103237212758532484
2103224186567033152
2103244906906968571
2103235526346305618
2103222930154959226
2103263304789401642
2103253922143932448
2103247374604775827
2103257244225896722
2103238269983211778
2103231551811035548
2103207906241847357
2102825514322841702
2103254810187206951
2103254826880479651
2103250177016361381
2103263159553602046
2103261107364167721
2103260230146527346
2103265565917757679
2103259897374621758
2103259518893244598
2103263733661466745
2103227980331807084
2103224821014556841
2103227979887218900
2103246597043970265
2103223908921192865
2103223874347577414
2103223352047304725
2103223070534046032
2103264662385008791
2103248931949859182
2103224192799748476
2103263654564995427
2103255939486826809
2103254688934015407
2103262613215830482
2103257092199207063
2103255600985526544
2103258093064712218
2103257907316084927
2103257763237306455
2103241277848330630
2103264414543520045
2103259756525711369
2103257756379586619
2103234927366164735
2103261717237203200
2103252976953680269
2103251783933960542
2103262799296077984
2103257305634717881
2103245414900367507
2103258177399844973
2103230992198541778
2103246930591543318
2103252352153031006
2103229392360988964
2103224676181021096
2103244339266699673
2103242857775616117
2103266001252999486
2103258955354964134
2103250969064595511
2103246671337627922
2103244991082733679
2103244461715099849
2103246064602022046
2103245176454218005
2103244251555348630
2103250085026910233
2103228803258388654
2103245384709464440
2103235528522956806
2103265375609639351
2103257419292069997
2103252672858173683
2103236357904544155
2103236331358896398
2103287316936618258
2103298579821416611
2103293975259939148
2103290873354084537
2103291734226579732
2103265177760112844
2103286081621750174
2103273276709703770
2103284713280401628
2103282472184070399
2103285877749293488
2103273809927086498
2103299698564252045
2103295923594113499
2103292148770603194
2103284836571947263
2103287452681060863
2103289007094329361
2103264625181515789
2103282652446859337
2103267625430093877
2103267442529042854
2103285859802042848
2103278640716734502
2103299809293582766
2103296050127609975
2103292253074571401
2103288405186773215
2103287330710663635
2103262279093440941
2103300111765835931
2103298231232802888
2103295925146014110
2103276091628519784
2103297302983020916
2103281485406986549
2103265372761702806
2103269475508453491
2103290643510407612
2103266818357858645
2103295924223045866
2103289370430300516
2103285091896377627
2103270988800725222
2103296285075812679
2103288973015621791
2103288660225294705
2103300157211033964
2103287976868348174
2103297806387540389
2103275032625459350
2103292496897806588
2103284669340930501
2103282065307308543
2103281097547088061
2103282431721623727
2103279028677554663
2103296868478292241
2103293941986525536
2103285908950659398
2103296517675290693
2103294468753400186
2103293047089815632
2103300803394158596
2103300291101622439
2103276180631953726
2103285469140115475
2103275432359395520
2103293657419800772
2103278518729609661
2103277961935802763
2103293810167980221
2103293812994892202
2103293814739726407
2103300536300613926
2103284499580612963
2103274954473234892
2103291955673235463
2103288736360636777
2103286353601658951
2103287428354097340
2103274353450209294
2103270037117354262
2103296052912636102
2103291083643842911
2103283429181698204
2103293807647207630
2103277209662140779
2103270273164153098
2103292149202567662
2103287163588911395
2103270069254205656
2103300393438453907
2103300361649877409
2103300335015977389
2103299503906566464
2103328267402932658
2103328311048847408
2103346424037413068
2103331269366943971
2103311200180199653
2103356111747223741
2103335782245380253
2103315170063786167
2103307113326067996
2103330511074541659
2103284743575920702
2103319017171640636
2103363876641276281
2103356324251623508
2103348775662358807
2103301846525956129
2103332116377354310
2103321102831264123
2103337555609452630
2103330108182274438
2103318978462445573
2103303400616079469
2103300215453143371
2103338708111880616
2103326124529049834
2103323623591387548
2103318041618444715
2103351577666855132
2103350678475145691
2103314110850965597
2103327446598660346
2103315447701709118
2103316820799451154
2103306756201828676
2103331155822993490
2103318583631831178
2103318575843062073
2103325912620061029
2103304250944036880
2103302443777790291
2047229023097438678
2103327241488728260
2103302892157349963
2103301492098888031
2103371477185655102
2103338761392161117
2103336236240822359
2103363880327983609
2103317755038446019
2103315856591900964
2103305128145031291
2103364455790690472
2103334914632323152
2103333677325554100
2103358912170962950
2103350108347826380
2103341688315899938
2103349940898722174
2103309697423945908
2103320662152507677
2103304021595353127
2103304005430460796
2103350889386016868
2103349790591332626
2103348901369577841
2103351276671324221
2103350925633167463
2103349036119982150
2103312361062809997
2103303218331619483
2103303100219965806
2103459028126842902
2103458466761200032
2103452877054189962
2103455202950959303
2103454481098985558
2103452944637276614
2103455820520497395
2103443217840566539
2103454482634011067
2103439300771639491
2103455192700145710
2103446908555370760
2103454292443013463
2103448622746493142
2103451673494462798
2103458244651831589
2103456459334066663
2103454878672552246
2103456936733847987
2103452312710570421
2103439080914567590
2103458371403719060
2103439919200772226
2103439576429932703
2103449912021045322
2103449380787560733
2103411762586349666
2103450948232151486
2103460817257611273
2103458314939961365
2103457040886616238
2103456986394251283
2103454484664098826
2103453894227419333
2103444663390646538
2103444115992043973
2103456826259845566
2103455286711185498
2103447271098433606
2103454699840016389
2103454647147278665
2103458826573783076
2103455874023055654
2103453013973057948
2103446984216727916
2103440397166911975
2103460906860503255
2103459417429795306
2103457157597253636
2103459208729415939
2103509026059247687
2103509039728447650
2103534969167691922
2103534217875644894
2103521538095919294
2103521107391222035
2103481679243260170
2103481696037318818
2103488723060965497
2103462882612584696
2103505944638267868
2103500235783774210
2103533711723516351
2103500339357880601
2103525540732797091
2103511590892880197
2103488523512717674
2103514871178338517
2103469575883128883
2103498154679185692
2103534636588580967
2103464175284736139
2103462019810938954
2103530921320439955
2103514868821209105
2103507317610434974
2103477201283022886
2103532356699099244
2103529971419652241
2103529768096530817
2103529179564122173
2103525387389071524
2103523219613397030
2103492220032590285
2103477211139280979
2103515691714277678
2103503316625899858
2103480468356428283
2103470219914326427
2103467213894136252
2103485924986212376
2103485566335832393
2103462913059049759
2103534276008378838
2103530503861350667
2103520296611569856
2103531042464297129
2103493663884235019
2103508650325143562
2103533896088310259
2103531032649650270
2103525126641729866
2103466853825724812
2103532660987773223
2103528405937373353
2103523335720038430
2103512631914938828
2103506631719850097
2103503328680243597
2103533507842855069
2103532426748191020
2103522927203225695
2103522102985072867
2103241793651249585
2103531096520454606
2103534777869729860
2103534792562413959
2103226829398241417
2103509925078978704
2103487259991318793
2103487300348875059
2103507318897775021
2103507318461571454
2103453751281377434
2103518491395621023
2103461552519364913
2103531315685417004
2103504432256475399
2103489758551023658
2103531874933264621
2103526280172101951
2103520630796865825
2103530294921867464
2103524557906661427
2103521770393264503
2103535890362695802
2103525170719633468
2103519930549223605
2103504471267631313
2103504474211864610
2103534817878909319
2103482650065277199
2103536106763416059
2103533972445679794
2103533005767639454
2050266606346146199
2103517825277063679
2103499376274321848
2103482563457106134
2103536759908774170
2103479235272749243
2103478325733638344
2103523641346367565
2103508114246975779
2103481711879205307
2103507318197440923
2103536204537069579
2103536320974876676
2103510319486153164
2103527550085378064
2103527514291175478
2103524992696610860
2103536912892043545
2103536031152976332
2103534637188628800
2103536387257696731
2103519150853251357
2103472066968375332
2103490326253982110
2103534133196579036
2103529993091359132
2103528996226916764
2103511066131026114
2103476049921097812
2103471065812881537
2103533737929486833
2103531234408231307
2103487979738345836
2103514876253483409
2103492973648339380
2103464101607608568
2103523392968151246
2103473794316677556
2103498460045472153
2103479371096813623
2103534000358740456
2103531158633845027
2103511226265247770
2103536941723439279
2103536247494910206
2103535197610213656
2103513190424629614
2103511011164901832
2103510304109826433
2103527745678459159
2103507720624038094
2103497568185397301
2103500368105681014
2103472556376269300
2103469472933691598
2103522614371389906
2103516707838972346
2103501404866298116
2103537503646917082
2103530900092854573
2103527494020112889
2103540950077206995
2103581708444696607
2103567219682664943
2103553517445362129
2103584208233132090
2103584228537716780
2103548484683170138
2103472599317565769
2103574065654940144
2103561447879909432
2103546890801520664
2103553444464177376
2103545754556018973
2103538271154565452
2103579669148672468
2103551498646921456
2103579323534102793
2103575926684385295
2103564599236641204
2103530705221280110
2103561240517955896
2103534834714808699
2103554527026680019
2103582842772938782
2103579069753270346
2103574228771467530
2103565572743073836
2103552618144620578
2103552258453512469
2103573413390688691
2103568278669115668
2103562740862271950
2103560021631971792
2103553954571333659
2103579384363806771
2103576085078151659
2103565316991193292
2103568874234921037
2103567319968690291
2103566440796225827
2103583769332445534
2103578910046994691
2103575534810910976
2103539550232494164
2103573979847921883
2103573347598573792
2103542366451765574
2103573953138897288
2103559088550584772
2103578484492615705
2103565121100353972
2103564782804881720
2103577391545073783
2103577354434154873
2103545888698142910
2103507321179582882
2103561159324348833
2103561184813146416
2103560307499229555
2103571823556231237
2103566600423043284
2103580655737332078
2103567128259412357
2103254400219410445
2103265728019529849
2103473342846304310
2103577879304962185
2103575923513844129
2103582275766305106
2103574010051125277
2103569284693635190
2103515225945170031
2103573615811727561
2103564697442435222
2103558847189201267
2103561141783847123
2103551171055034734
2103548998351024539
2103581848852976041
2103537552397304013
2103586344677064902
2103567233670602903
2103564113041318227
2050670275474448760
2050406233988046934
2103553110933192740
2103550312133087340
2103585499604476361
2103538869480079472
2103574053642797352
2103538766317060141
2103583412049297748
2103581809447440391
2103575632533692437
2103582916349505618
2103543302436118872
2103583799749570974
2103581123448320398
2103577840755085753
2103582773172895985
2103582559091503539
2103578765804917199
2103544075798622607
2103543938976190526
2103540175309877508
2103579911759769712
2103570699537293568
2103563638485233929
2103580709910683935
2103576618690101604
2103575054466339286
2103559903680111062
2103557743105675470
2103557624197185602
2103539501263991223
2103578819395530979
2103576867362034007
2103574720692302258
2049165309454487745
2103579362545275106
2103579331171901727
2103565650484482340
2103545333020266626
2103568456222224680
2103561803892510808
2103545632111861964
2103580892887191668
2103576115948236924
2103566631775445392
2103586041697640639
2103583980511727706
2103583433163166083
2103586252398473222
2103585269744079243
2103583610200871035
2103576167361998972
2103561080370794834
2103545951025557986
2103582564069900429
2103570590007251435
2103561562585702455
2103552984441389329
2103547195001827433
2103586323726753980
2103586203216076856
2103577772106936432
2103628436577386622
2103628132624523502
2103627545946042443
2103600365664927980
2103605366332305706
2103594177456226675
2103602739926139027
2103609008175141332
2103616807961841928
2103605394182725635
2103587529979048358
2103628114253508877
2103621821560205684
2103613015799050349
2103621533964898769
2103620780294619181
2103620587276915113
2103623588896997504
2103604935296270736
2103602789842661643
2103601069351686638
2103601413142253748
2103599471317708962
2103589938105319928
2103592595075260774
2103614936597311543
2103613630998544519
2103608166122422329
2103621588264362223
2103617164054040755
2103617019396657559
2103594673793380356
2103628816476193076
2103620469576651154
2103593199713341935
2103610349278646602
2103607871565168841
2103606129028641114
2103607818259513661
2103595273993814367
2103587730051432756
2103605336154275925
2103600668799906253
2103627391750816114
2103628124609298623
2103621923796381698
2103611143193547136
2103625700242579738
2103620812146110575
2103620802612805858
2103609873510592718
2103616188492505442
2103616938832228811
2103608556419256326
2103588415811772547
2103588567909863599
2103606662879904210
2103598048660316437
2103588921221480498
2103605477770715566
2103483867369713871
2103560166276841978
2103616813930012812
2103590762927755606
2103628112621871196
2103620563633603012
2103621497365381223
2103621876211695981
2103610294006055337
2103598588613832826
2103615308560736584
2103609325176394174
2103607038462824830
2103627554288529915
2103595652663910790
2103594092760309913
2103611242124280018
2103609445825626467
2103604392993624138
2103604904577122307
2103600805341241655
2103595496543539294
2103594994854719849
2103625032668987547
2103621161141641424
2103601005846004216
2103605465984979288
2103604025396428968
2103604115188130235
2103628784645575050
2103621220864335965
2103619114426106346
2103630322541756454
2103627559468437730
2103623485948059973
2103629081887514781
2103628610179313994
2103624683673305447
2103623909556040131
2103607657886330888
2103621241059860677
2103595941223874782
2103595898806714805
2103630873471905840
2103598607949558123
2103604272113889433
2103629566379962646
2103621369866948988
2103611789162209782
2103628036381819019
2103626321985147086
2103624918931743000
2103627937610076586
2103626670598914543
2103625207818645880
2103625584697856473
2103620145725767885
2103601298423607357
2103628112672244025
2103627410449039364
2103620553344946322
2103622539012460952
2103617147851194731
2103617043970810093
2103605476273369271
2103605476680163374
2103605477066039774
2103657820940128673
2103657738085490862
2103657667277345255
2103639103984087338
2103660642171322529
2055300771084701995
2103642989847364003
2103639162465169464
2103633695965860128
2103629807120531608
2103662884114878752
2103651798653509901
2103651953842831584
2103627909881565601
2103627937484325109
2103639642784530753
2103662086631067922
2103658783780069585
2103658311514280262
2103661482638504288
2103638406756495372
2103630896133750930
2103629764061700244
2103624401539223911
2103597913687326860
2103656418117316676
2103645236648173677
2103650530715181346
2103665662753145297
2103661563303416092
2103660861307167162
2103630478935036063
2103633197862982104
2103658437968089407
2103651369324339208
2103639546613174688
2103623131491365240
2103611681977024602
2103608590082986161
2103660694012821735
2103632075928609009
2103655350536646849
2103663551126921704
2103643308266332380
2103646986956411113
2103631887524606420
2103665864050458708
2103658311589703901
2103650762924388712
2103648932672708781
2103635038940147977
2103653583405404495
2103647095836000353
2103639328970674368
2103598279577751848
2103664109644386321
2103656131356746087
2103643500063453595
2103630373473145136
2103661410714829084
2103632710552129815
2103652396505206827
2103649691812716987
2103647213473939608
2103595419263721494
2103594867276603855
2103592614142583225
2103666546052657158
2103661184444477567
2103658302231937163
2103650769153249683
2103643212992627133
2103643213420491062
2103662659166151114
2103661800919306489
2103654681805541476
2103635664210186399
2103663957911515544
2103661668483973302
2103655485056401684
2103666226383749440
2103643430614139272
2103637495057621350
2103667124359094505
2103659251411632342
2103657605117657139
2103646810577281335
2103638683718975757
2103663495673680087
2103655877588758699
2103648914326933838
2103663568092639629
2103642873413480555
2103647101305413715
2103632567425794535
2103659839939371359
2103659673987465363
2103659549810909279
2103679918030635442
2103745656326111329
2103734954072948876
2103727108316897754
2103669288032940346
2103647407967764516
2103697329803104682
2103718710355829208
2103711160004669633
2103703610182021412
2103670186708508814
2103682005896753321
2103673189968605403
2103673199724560600
2103703730193371280
2103697041536721285
2103681352352567784
2103689801845117172
2103676539871105071
2103670894782754947
2103667589889056923
2103667602585272784
2103687006005948566
2103682942337782078
2103688977274298735
2103681702271004938
2103679340600869124
2103674909415149769
2103671222256951691
2103739581740810321
2103735746062438435
2103687126336323644
2103703081171202325
2103667998414311469
2103707434799821030
2103703300944048432
2103695035816345806
2103741358657995202
2103727266123653225
2103711815515697652
2103680354779333119
2103742009924018572
2103726725980963321
2103699984533090368
2103697050361581833
2103686535488962865
2103719890628583745
2103704739955491327
2103677015161438575
2103711159769768176
2103695195267064104
2103681697422217572
2103715511695532275
2103717719564509677
2103695104837882268
2103686799574852062
2103690891651076256
2103678652147720634
2103671085312983052
2103677870979596627
2103674752887935362
2103685233014894881
2103814228385595896
2103812891954565230
2103809646670819386
2103817329150709850
2103818350325338590
2103816869396332842
2103816859602571447
2103802950011306491
2103811185623605317
2103801118945923576
2103799318792532359
2103821631332274394
2103823115281150128
2103821261147127829
2103819873092542660
2103784895692570970
2103823273654136905
2103816857480577447
2103824472050462962
2103817904323977261
2103817070949363823
2103786660144296250
2103771809846071584
2103808022594097225
2103807913554800811
2103824099415871821
2103817491336114516
2103802310178550095
2103822949631541276
2103818636955959634
2103811193903235566
2103824742490780046
2103822545610756510
2103815459896184872
2103740453241622915
2103683001246720010
2103846434369835285
2103885235675111426
2103884482843455688
2103883607928381650
2103871508200214932
2103842929186054171
2103853985664835852
2103849197950599576
2103840554526109826
2103832533506933197
2103875890694255062
2103833181736653229
2103862168844222528
2103831968215371872
2103871904440283235
2103853434940092668
2103863349650047121
2103855041551401161
2103863455082029212
2103885193689846083
2103881384259396022
2103877345526366487
2103871937864773794
2103867337938022796
2103846360227205578
2103873655813841381
2103862156433195158
2103850549217259855
2103874888545058907
2103866936887324722
2103852710458012142
2103860159353151889
2103837561646985680
2103871178511147080
2103887420978512283
2103882410043507144
2103878356940775639
2103850579982225739
2103838982387732896
2103862296674009352
2103857292084994338
2103857169808466091
2103883355318350258
2103865743142011374
2103861900539023407
2103872443811311816
2103856444315726043
2103863223187583166
2103840229534658929
2103833028997083623
2103870227943411794
2103883704300965973
2103883748106281149
2103835589862691048
2103882244678934817
2103841242589376593
2103837844401971387
2103835244889506300
2103839479085846786
2103860087357948412
2103859449249083808
2103838700060786852
2103852733195309310
2103847910093848743
2103838648059785398
2103882611605098500
2103880389458587934
2103867645472752018
2103881539071480154
2103881204210561066
2103831963396345953
2103864437434396795
2103828640794579170
2103877811228357078
2103878004396929257
2103873929035305312
2103853232963330120
2103880275830723024
2103870299645030566
2103869909579010528
2103856717045833869
2103884426879066289
2103877248621433309
2103872449628778684
2103862162653683894
2103831957008228531
2103886892202627161
2103845054380937267
2103886608990704099
2103851407031914989
2103849684439535984
2103881231695749433
2103874073344246085
2103870005498528120
2103878460611731605
2103863312433721825
2103853729837375710
2103872976206942352
2103860170350534760
2103856305349804317
2103889001962766721
2103887219786207541
2103882576679063756
2103915556818534687
2103914192596038089
2103917932086456457
2103915695369306174
2103909846361972941
2103923816132976840
2103896989339447548
2103900802939080749
2103926520796360794
2103925117625532810
2103891434789322998
2103921150736691426
2103911529347256598
2103909467226280205
2103922325259182561
2103911077306343441
2103910291977445452
2103893931553407220
2103889837048877198
2103919976755155101
2103889250701726200
2103905516627833179
2103903481367330882
2103903229872611379
2103902217237618782
2103928109783203975
2103907778012033513
2103888355557568865
2103923202619580661
2103917623998087435
2103912723813675048
2103900411178426552
2103884543719575570
2103831050753339717
2103918226153300280
2103855882077389277
2103904092854816881
2103891842563785030
2103891556155416941
2103899719558664372
2103924167812993340
2103899006619320371
2103928247587102836
2103917294514520550
2103899844477653133
2103862160548139250
2103900132731170922
2103924098040574071
2103910158069833742
2103892523466846311
2103906636586746367
2103915203591131148
2103901555221004314
2103927377529381160
2103904560683135263
2103901211334520843
2103923364691866014
2103905226356875492
2103904339739762841
2103910400291229950
2103902981431124114
2103899527375712581
2103930514818179455
2103894896604258607
2103928635560251869
2103918789104710025
2103918882436116987
2103899506181906910
2103927518931648759
2103921346409349262
2103916146390950173
2103917136729055604
2103911278133539128
2103910732412641560
2103907502467272845
2103890652807176626
2103890527158718534
2103917548202786827
2103926740330385744
2103923262694490276
2103919376390860942
2103904359641661721
2103920712666734839
2103917184334364783
2103911380201897992
2103925100378570830
2103908905088606696
2103926485668987022
2103915163753591247
2103903909249007690
2103930973788455095
2103927865163313353
2103903509531988359
2103929404732895437
2103927370973630566
2103903640725430640
2103928388951920717
2103903714520047982
2103915971681382406
2103913075883553092
2103905413452447826
2103958975104356599
2103969070454325599
2103963952921387294
2103959796944871607
2103934731024814581
2103945105828962591
2103875526041477351
2103877375775674707
2103891630402990235
2103967860158574979
2103960302362501440
2103953879536636039
2103943680369242377
2103942584364118016
2103939792228819032
2103940881950642556
2103968484350693600
2103960805247169012
2103933649049850102
2103967578108604618
2103946409481211988
2103950357562859940
2103950385387798603
2103950398323101924
2103965196058280195
2103951956364427702
2103968271460614316
2103951081176699221
2103948909127082107
2103942797451821067
2103961751494570450
2103962863593243053
2103962460902563896
2103961859116396753
2103951294360936923
2103952267368178059
2103970572753355149
2103940703197802957
2059683132316553359
2059346892438241582
2103967899883057204
2103961731685126415
2103953706085757166
2103960814046560491
2103958164949303774
2103958173497372983
2103947173507310063
2103945738585800875
2103954131941490900
2103931947139621165
2103962845394170167
2103939410974957750
2103967927301017688
2103962523255087234
2103962873722523860
2103967855838716315
2103963977051001283
2103960985283244106
2103958540625068047
2103941661625573807
2103970454587236548
2103958373330796725
2103953351884820848
2103971084492329389
2103965771613278214
2103963039875625142
2103938518292529163
2103949391287492993
2103968879424729495
2103959155908211124
2103951936802447469
2103949070028988604
2103957617357762901
2103957456795677032
2103957233013006515
2103957985345302854
2103957803706540520
2103956983879708877
2103961739955929575
2103947190632693834
2103935140401701175
2103997394467586328
2103995635934376344
2103995159679541290
2103992285289697467
2103999103273189481
2103988686782157071
2103971983356580021
2104005602246607153
2103998055158784368
2103990501762285694
2103976485988049103
2103991032111042945
2103545201667322172
2103657890204537031
2103989660540186957
2103989461633663180
2103984931101634740
2103997978524725668
2103975858180686199
2103988203715690712
2103915431907987919
2104006288023699505
2104002749461364880
2104002132227805271
2103997798475579735
2103972709914812620
2103997328625438839
2103996558513742232
2103998052822360182
2103987501090078973
2103976773868237080
2104002867950657609
2103987715276480928
2103979105649872910
2104006788907467165
2104006707084963936
2104003475814445104
2060136670930817445
2103976167401291785
2103999078572896328
2104006238950371419
2103998322214125944
2103998124494659789
2104006272911659033
2103998061123104985
2103982955647340951
2103978422972072313
2103997951206920361
2103986050238448064
2103981642691866787
2104005601139228974
2103975016081523155
2104003918107746387
2104002149860389232
2103994406042796340
2104003327675523166
2103996517207925035
2103971814233768145
2104036881948201376
2104078789319995477
2104070472413651150
2104066548092846530
2104077600821760328
2104075459746988308
2104029181851914678
2104057911559303648
2103859569071972417
2104065997741453526
2104057503902486785
2104052327518802397
2104037120033575064
2104023463337841135
2104051930527936713
2104050425192235418
2104049389899518365
2104008151217389964
2104070548800094692
2104064180940640566
2104051539908174167
2104048177271976232
2103988135646384412
2103979546668376562
2104043731389133072
2104028640618930213
2104020977252237747
2104028666644869251
2104026229250949526
2104018237155401967
2104019101626630610
2104012248356122790
2104011585911988322
2104027420005109815
2104012211689533695
2104008206234374636
2104007638094602585
2103994869903679691
2103994676361445737
2103993859835646169
2104035290189115737
2103981217079235017
2103981228735316405
2104007056034287923
2104005860355940615
2104001200349995297
2104048486219915720
2104030902787494067
2104012672446415146
2104022666772688942
2104024726054044136
2104040522901868807
2104002321969463538
2103998194254479456
2104045017090138116
2104037482199187588
2104015865087705156
2104017592105026021
2104015148037922838
2104061477678145890
2104047146022375755
2104031237253877998
2104082247619899553
2104061351819977007
2104040434297344402
2104020974740164622
2104038733146112125
2103978945951789160
2104036874495132151
2104027726151557404
2104064792348471784
2104030334325325993
2104027629326090381
2104013157840855247
2104023884580426104
2104023577888444623
2104023479284539716
2104064572759937031
2104052182362329348
2104032603107950795
2104029370247487904
2104068977844437233
2104072757554426208
2104067078059684308
2104033694130315398
2104068125951971778
2104010326832197925
2104043746497044863
2104037133761577115
2104032602583650345
2104032770032890350
2104028253392650681
2104022421871165451
2104005600766300205
2104159904990691800
2104154357612556303
2104150919155695700
2104020496538898751
2104011259020497289
2104214729434542306
2104205224684687620
2104212624543990140
2104180118860050903
2062894877986222329
2104224214681010554
2104201761934446919
2104208118716444875
2104203147342131317
2104201327991820468
2104182855500755282
2104189487148397037
2104185675318710290
2102159372805919119
2104231877716402596
2104224553132007428
2104216160321339627
2104224135094186468
2104223877379260851
2104221980450763048
2104228528715710692
2104205373544575085
2104203783311896969
2104224262567387546
2104204272644632640
2104197574802493745
2104226357995548784
2104190359093883022
2104179253109833967
2104230053273825688
2104225367389097996
2104197184572870876
2104222923191943404
2104204864045649961
2104164396973039801
2104207903666139229
2103899905521864801
2103927963880452533
2103952751780905147
2104210776407822354
2104181047365681282
2104226134955082147
2104218213852807615
2104210483339227560
2104194354823025079
2104214534567153853
2104232151956779175
2104228376814788748
2104224675102372172
2104231473720996260
2104224228278997320
2104217509515698335
2104199916788617541
2104194982760325314
2104194754925740052
2104211151793934571
2104229071190192199
2104217159467422079
2104196725783064779
2104188270015823978
2104230125734592718
2104203263121695038
2104198370021474654
2104233212922966087
2104228859805921730
2104223470200742119
2104232773552669048
2104224545485840753
2104217257832317092
2104228573590470948
2104228554900750551
2104217160390148192
2104217367907631181
2104213687615602871
2104213635606184237
2104213598796951894
2104221616276136008
2104209685695909987
2104205388417527954
2104264823701962769
2104264841737146605
2104270081165267123
2104275931774824651
2104266301544018137
2104266215132631207
2104261387568521520
2104233194958557602
2104257588195893584
2104232640626774343
2104253155156414558
2104275899461873872
2104235867745259740
2104241208360911041
2104209444401758335
2104253995422212513
2104252917528064160
2104259905662357705
2104236470298898560
2104237556472922167
2104246472023695593
2104271515306938527
2104251961935573324
2104232691688194337
2104239651586212275
2104271657431105962
2104204520922186026
2104267562427015345
2104266994052731267
2104284972018270515
2104283713081401780
2104281213334695936
2104284034041774195
2104265925906092502
2104254886820851807
2104254219750715494
2104288839132987900
2104285582436221064
2104277557562556424
2104219946159071577
2104285331583303715
2104284405506457930
2104273238931218672
2104240292710813790
2104279907547111515
2104274874353225811
2104272357695381962
2104233433384046598
2104278975006875989
2104240001227911665
2104245515194098157
2104254748283273632
2104286089095831850
2104273482380976132
2104245097260843212
2104218378751680661
2104174168149233905
2062224843097931818
2104277215789596907
2104251799028809874
2104256180595970359
2104277517137781150
2104262974051430530
2104269683356467405
2104263008696381726
2104254865908126085
2104290209219146056
2104287014002606540
2104282979207873008
2104270438746796521
2104243296306684164
2104243292938358800
2104289200946188776
2104285727420727450
2104272711925002576
2104270516450116079
2104203659949015325
2104277100920447029
2104288565849141323
2104283904488145216
2104275804968640913
2104256933116948533
2104290638346989958
2104281574397374593
2104280192323903798
2104276918551949647
2104235128146805160
2104285529625723211
2104280758298808760
2104273456439210460
2104286296931725647
2104283983119069316
2104282806285205821
2104286445292638375
2104284120926892247
2104282952548880782
2104262244619993136
2104249583446401158
2104288002180604243
2104264087614222765
2104253048109384074
2104265785430667452
2104227314024296934
2104320451946422762
2104320185888805099
2104319737195098220
2104308990725284241
2104330409647472890
2104234719944618284
2104327722621186294
2104291835040366706
2104330244001861988
2104322693914837065
2104319162688704739
2104299690250367430
2104326534324461971
2104309955285401935
2104334114338021853
2104332132491370621
2104334486049800304
2104323193150525883
2104271668659015932
2104335503772307457
2104314862515999091
2104311961240629689
2104314668982370387
2104303001594655208
2104295170048954473
2104292286662361137
2104307722543841652
2104300637223575644
2104296422317117858
2104330070487642135
2104258590013804577
2104285211567509930
2104293514846543886
2104297985081475441
2104334130620096883
2104318410180247720
2104315148341293174
2104297855158530311
2104241950173876680
2104313919456313397
2104312409741807894
2104249309940383929
2104323334674714897
2104323177899786563
2104320547295281164
2104295921244680674
2104313079085318334
2104329679092187560
2104306949323980843
2104230757518721171
2104283476522332439
2104336195853459485
2104280261357650198
2104289416823067122
2104326825275249083
2104322048352759818
2104318346896318467
2104333155213680979
2104332878079226095
2104333665576620077
2104330354534314336
2104325887034380761
2104336994809651219
2104335251371593989
2104330241455829136
2104334328050176449
2104332847578337594
2104320764279148887
2104313213860868145
2104333467282796875
2104329419179659313
2104322964686549188
2104314941746434525
2104298547625459846
2104292451011752061
2104318781686247766
2104317818065781247
2104297804088647830
2104333010589888883
2104330556406366386
2104326106299982031
2104330999941239115
2104323138813083740
2104319011211080080
2104314070514159650
2104323641475248600
2104296554240631107
2104311364965871758
2104257978085855457
2104245431035113747
2104324180653052168
2104321988105842862
2104319611608945151
2104341411479118134
2104341590018052361
2104341739565957556
2104348399621509559
2104342148606767365
2104339767747908021
2104350428720763293
2104336899053593081
2104358482895843662
2104364863661216238
2104344628548002057
2104367988610592979
2104360439543152925
2104352889636307219
2104359793582285111
2104352134435139884
2104351745027506550
2104358809103659455
2104359405206609974
2104353349252665517
2104352228131618934
2104350125892198618
2104361109721399328
2104350594487963960
2104340759210233890
2104370965786366242
2104365807891321266
2104361138003599533
2104363821108199815
2104362239432032420
2104349954533683565
2104327824446562448
2104367829847880131
2104337692083323122
2104370190033076653
2104367174957547976
2104366480020119649
2104371426400542760
2104374063925788984
2104351465477431680
2104363745572966885
2103571854673764422
2063701357559689495
2104375532196634896
2104368368304505323
2104360468941009123
2104364873732047130
2104373494293155984
2104360321200599515
2104350371531674073
2104348652810416137
2104344495588278579
2104317077762855179
2104331945840631984
2104339147867447756
2104355972433027141
2104373271013584993
2104376309677797681
2104375603675689285
2104370568136954260
2104375544221745513
2104375543974306011
2104367032292504052
2104372836194460156
2104339420132540744
2104346969070018715
2104339738203210028
2104373765652058480
2104360267211575368
2104345970062373173
2104340891661910453
2104372937792844175
2104366495824539861
2104362115285102620
2104364214169010586
2104357532097462320
2104375981569978829
2104365805034934406
2104364547574288790
2104374549789770195
2104365065944060129
2104359439746683100
2104353392155914645
2104369406948114508
2104365932424606057
2104383635163869619
2104459707687600638
2104448440209944883
2104431569914175497
2104397179313905791
2104383857059352734
2104375051055489221
2104397021364867557
2104396044767211987
2104387409161203890
2104388876785549598
2104293491723362658
2104128367779835966
2104297843246985264
2104428387406106829
2104420841345937707
2104413286984773956
2104421645439967692
2104402168753098960
2104406216621408610
2104404348583194626
2104408030045499898
2104405576579002505
2104400875913437641
2104398307749478434
2104391048495513710
2104383278627143928
2104390137258066254
2104382173406982275
2104393153554043269
2104379772230856856
2104409202508935283
2104391589447799089
2104381050948386906
2104395009269383405
2104388508127240608
2104408053546119454
2104405395728974008
2104403235930878076
2104397305721893152
2104381910533201951
2104392896359104537
2104409951753871690
2104417117122818467
2104402252073189746
2104394500453859507
2104462311410868705
2104411709712597481
2104394898107482291
2104433387368824982
2104426490536354003
2104385025789624548
2104442235659935921
2104425694675513560
2104408106558017717
2104451512508334288
2104422539409670363
2104411984015847503
2104388569804452308
2104411909533638939
2104408788602327514
2104405497918976144
2104432685422617051
2104426846104191159
2104398573756420470
2104385683817193800
2104406132307410944
2104394869540000233
2104387192424435934
2104394548654776808
2104390371455193460
2104383236314988890
2104401036253528394
2104399774501716474
2104395595343413358
2104386365651636582
2104576323461279980
2104575072946311555
2104570405831000465
2104541525048779207
2104561683116998661
2104549318434619619
2104577927635521847
2104553192541302901
2104578031134400937
2104562959691264100
2104550990334628345
2104549185379000726
2104534227358265485
2104562789570257322
2104579385772683584
2104575516720480299
2104571837803872324
2104567231631745140
2104563768005165190
2104550417879240815
2104565600827613423
2104526358088909222
2104577117312745651
2104576172453404734
2104540001228751301
2104573231080632536
2104563635322536332
2104550714034758100
2104578561902604338
2104577631077142914
2104577062816063512
2104579664496689292
2104574736294392220
2104569519368761530
2104579149172019459
2104579177466712556
2104567234190569569
2104554483841929571
2104544627554439589
2104544678825648396
2104558832366010531
2104564281626989027
2103839508147954127
2103845325660147932
2104560442798403731
2104575772925235289
2104573858674000020
2104558723343552640
2104577633698590989
2104572305691021685
2104567105978777942
2104579384132993453
2104572847603569107
2104571837145653703
2104556444829782082
2104548182441271497
2104514699475792109
2065207885475258817
2104579912443035672
2104570673964200040
2104580207080263701
2104545144087117942
2104515894743327033
2104473911446376757
2104576101779452002
2104549185261621690
2104570200209170634
2104406898477003192
2104578790642860362
2104571784309707138
2104570576685687137
2104579701574414404
2104578798448455844
2104577084211224628
2104570294493147214
2104548719710584999
2104545114148274223
2104562404734488923
2104530362302865615
2104529935716995259
2104579880717291859
2104577127907537245
2104569424057418000
2104541945775214645
2104541896232276069
2104541601133662390
2104574085347061873
2104571010649325580
2104568222385422718
2104572791441998164
2104567978172039290
2104566208825794800
2104579944198091091
2104550232491233513
2104534132755976280
2104554707385516248
2104575342996590800
2104578945987252495
2104578686649250259
2104574123644989931
2104570676287873303
2104566914026557528
2104580404996956504
2104578859161251981
2104575557833015692
2104582018764050696
2104580876721852884
2104577268009848841
2104577212703711705
2104568563944038727
2104558776892170601
2104577872039907676
2104564143713841616
2104564091763167472
2104577202612232645
2104336806732866005
2104563885600616474
2104559306683175075
2104558199806255290
2104624912514093061
2104618536911896929
2104618565106086217
2104673315269067207
2104646147323388275
2104645019378323962
2104667598977667239
2104667647681990827
2104667658440593753
2104609166879051999
2104667000119140839
2104615530774597832
2104593644166508696
2104621759525748862
2104604644378804559
2104600527296237732
2104655936946045398
2104608684122816581
2104665361346121938
2104639329901687205
2104616272537198973
2104666228048486646
2104617972388008380
2104630088952393922
2104670867179401631
2104608325694308392
2104605805307961602
2104602634644554061
2104602735303971060
2104570054868422692
2104577129245487262
2104655608402022852
2104653058391355703
2104604713949733336
2104642804333023319
2104638689959666014
2104638086827184143
2104670500953682173
2104630915041526029
2104615116633444419
2104612443238346779
2104652257614553583
2104623191993770143
2104667276473491848
2104661299380838823
2104657059991924892
2104668045759173098
2104627563641417932
2104617063625187745
2104666621436727459
2104663762745569415
2104660279594508739
2104674100304126412
2104670155728908369
2104663170329497917
2104673906477191556
2104669305145364945
2104661057503637758
2104666135748628693
2104665329217806808
2104662101490819281
2104647331136381040
2104641223562604724
2104663036715737355
2104663013408264307
2104633244570329151
2104663628267835845
2104660081203687844
2104619539237335110
2104611263112249572
2104611241570283723
2104637067556700546
2104611883764326444
2104610972065521673
2104619776890876359
2104619791663112374
2104595114446233720
2104592288672317691
2104666435893043672
2104626787615408478
2104662878297129345
2104579942461645070
2104610236552155383
2104663402866209117
2104664817592119503
2104643467871932438
2104624662206464244
2104673371229159818
2104664135518605801
2104659758871646478
2104671555091390710
2104652793784987711
2104644390610215313
2104669980021461022
2104662432119669227
2104654879071547901
2104593919379993050
2104591983180202046
2104591427955044563
2104673962206675358
2104593171007054208
2104667271583105444
2104646154118111689
2104614151733788863
2104669564873122285
2104660389262925948
2104636584783995372
2104652179080347848
2104673618210996678
2104650448846405636
2104664929731018759
2104674851223155122
2104663539533119647
2104658492426502156
2104666082535682375
2104626821950042160
2104596514957820107
2104632835332288701
2104648980705718397
2104648028019736820
2104657273804968275
2104639778960580705
2104669758763532741
2104669822634041816
2104597088889631031
2104664589887852726
2104674372053025104
2104672793384083588
2104670863026950388
2104673368247009792
2104671636486029714
2104669790770233565
2104665646688616599
2104621460715081742
2104633216825229441
2104608792948179416
2104674629038059950
2104671334487748895
2104668311799644559
2104640959342334264
2104627096232325558
2104627037420105916
2104591765097349630
2104661602507047065
2104661947987706151
2104666729263555068
2104663439071174662
2104649794027425992
2104646318727495696
2104675927997235379
2104674795962954219
2104670786732613917
2104663360713191583
2104636004036669537
2104632283395403886
2104633199284441430
2104615901764956591
2104608865220202607
2104669146462232947
2104607743801729048
2104587481337528451
2104675451146776710
2104610581697167713
2104597863313342469
2104669064719139278
2104666326052532377
2104663058471584123
2104676563564580900
2104675140176879972
2104672522021249444
2104676680941941005
2104670615252959339
2104668746577281306
2104663164033905092
2104648196123173188
2104633251251773842
2104673317697511861
2104648091236204588
2104637254903779766
2104632823437009020
2104671060759032187
2104670880400121988
2104670410881069318
2104593097099288907
2104593099611603076
2104721558249869522
2104715276302553584
2104714183715508379
2104725516062183442
2104724048530055440
2104723611030274372
2104730171026604414
2104730172821745721
2104702607629443261
2104728013346889935
2104710172971008328
2104684075487199512
2104681793597424013
2104670128684356022
2104670135558807760
2104670132601602503
2104713894690181301
2104697724973027377
2104708186171224386
2104705135863906628
2104685511885385813
2104686328088539296
2104723649983131686
2104726855798677615
2104706550329643153
2104681009488785678
2104730934318616829
2104722829459722548
2104722240054923317
2104701219637748059
2104700781408690320
2104180251781632396
2104732176449192257
2104671760440320489
2104671230922211798
2104698750585254075
2104682297857294716
2104710423950012874
2104685832472822179
2104689033041571991
2104686479226069416
2104709146776080537
2104732086095515708
2104718577010147555
2104718036951294090
2104716133177647393
2104704933945553393
2104665603202003031
2104730518646399072
2104726830917763084
2104723465290789167
2104668827263078502
2104667721812120054
2104624762123382789
2104728069164392844
2104712635363254481
2104710814796026318
2104678468738851189
2104731078791463034
2104727248804761628
2104725653333414220
2104725734807818261
2104690105244176762
2104662447848083660
2104729334132981795
2104725600275714525
2104722830193750196
2104712353577402711
2104712177924145622
2104711848582897797
2104667164078645393
2104692445539700960
2104675490833580446
2104644843930632701
2104628874793349421
2104597290941833273
2104684526542991643
2104684562513088860
2104704243642847673
2104720213493330034
2104675570168836472
2104627816306442433
2104594366220177909
2104678788332138524
2104721155320082924
2104724531969397104
2104732982825103710
2104724830150893720
2104696810132357623
2104689038271680638
2104731316847563255
2104726096453214263
2104724493658714578
2104719646335094817
2104698497765171467
2104719300674072799
2104707435403588052
2104696183373394138
2104723109538644347
2104708974222422427
2104686596087804033
2104705622935523740
2104686347575283770
2104682168215576770
2104718333174259953
2104690864346022202
2104690552109453663
2104677779522634032
2104731099611931077
2104698260023583168
2104698333092872513
2104716411289407788
2104733204699553989
2104726655029694482
2104723015485268044
2104730378984472591
2104730379601039670
2104729246207799590
2104732893603889201
2104722693249532005
2104703251845128650
2104690516365586733
2104730798142128355
2104728191629697160
2104726938887598080
2104729437056975110
2104725167679361296
2104716598678286423
2104709719344738482
2104715369403297978
2104710413799571920
2104706738926858744
2104707728476459310
2104695593826230659
2104679194936455330
2104696897680105964
2104695131584536601
2104733693072015450
2104685928933380389
2104685501093740710
2104716972093055116
2104693044041625796
2104689603232096665
2104734248871604431
2104729233264132142
2104728687308333560
2104734030487077057
2104727906660344251
2104691317661925381
2104692649529655451
2104691027064025448
2104689937878749367
2104731582305067240
2104718621050073188
2104702894012317875
2104716786457251947
2104708230546960711
2104695899146641755
2104719854108291533
2104714179756138833
2104708486495891524
2104731813344059483
2104731693781266440
2104731517528219841
2104762092536439100
2104663894111265005
2104737569779110110
2104803763416395955
2104777798284198182
2104763341491052760
2104773755700498936
2104765679949775290
2104736304361603368
2104739658450223605
2104733419854803173
2104757618136727792
2104769860819624188
2104738064882872487
2104790789671043458
2104757344991342819
2104756938160353345
2104781818830450852
2104772765563994257
2104762139865162030
2104743563804172580
2104741225693667555
2104737185840718032
2104756985136632142
2104753552216277352
2104749902974599373
2104785344520761448
2104762075415253415
2104733402708504655
2104787094610624848
2104783697102643221
2104771987260203193
2104758369580134637
2104747994683756979
2104778162299081157
2104770416715641000
2104768488061460687
2104757274048602122
2104698448591090165
2104667582884126938
2104780707302133830
2104774343754658186
2104760341456617877
2104734194035212621
2104737807419822116
2104772082274021823
2104783227085029705
2104775674234085547
2104768125556109504
2104746307034464704
2104739913170039034
2104738578706149761
2104746406497935506
2104764011925643275
2104764027327201632
2104785056267194615
2104755704611664029
2104748350054523205
2104696180445745330
2104798956177739979
2104797632820306298
2104785981379359180
2104738990754525197
2104764812181848552
2104813527806476645
2104793015642407171
2104782013253230862
2104813424081313969
2104753030545445122
2104744601021976896
2104787794333716630
2104782359279059389
2104757627490324691
2104813869713514726
2104795540613476771
2104786998821072898
2104791984867012691
2104770653006287013
2104755140997554610
2104757701490405857
2104767308136948029
2104761272621273434
2104761075615064421
2104767982844981699
2104800126719889643
2104785732250284340
2104783030715912619
2104783930843140281
2104715277791379530
2104736071208878216
2104768533192196591
2104760820072595616
2104753549527728595
2104786714707587507
2104785746871914687
2104784723574980856
2104786937944871237
2104785909509927287
2104785771982950859
2104762042779357331
2104744603194659077
2104735832263274827
2104768462396719331
2104762944105902405
2104760830780661932
2104910309588939138
2104903525419602384
2104903030231490880
2104895861637476813
2104904021614215173
2104911668924797437
2104888862895984784
2104911572598722839
2104912776313311396
2104911573483737088
2104895288280318148
2104907261764419793
2104901165414515108
2104919134035132902
2104915881687961615
2104910361858286030
2104920487256068282
2104904210600837259
2104898359626510717
2104891461909070063
2104900690405474539
2104895413996208156
2104917132580692163
2104908703036039211
2104905925475914199
2104916766887391522
2104909521982193725
2104889634694045922
2104919129220427857
2104912599024353480
2104912921512063327
2104911742992031800
2104889438489002214
2104905245688238410
2104920672895893675
2104911708909121899
2104905703894741405
2104918095131295814
2104916650797535615
2104886589411258866
2104878943597699525
2104919727801880674
2104919931942797651
2104915567039647850
2104921728908464182
2104920544906793414
2104914220404068498
2104911950769430549
2104893603566797250
2104893483655819682
2104920381098275208
2104921199302070278
2104920866962473046
2104906492214116497
2104906407959318857
2104921945942966760
2104918527828230269
2104912799613001800
2104920982205165966
2104920685374259384
2104916288770326636
2104913717649612950
2104909755613368440
2104896560320696695
2104922297622462614
2104921870801723466
2104918079293563326
2104921463824293914
2104915870803710031
2104912945301860528
2104912862376309115
2104919486683849068
2104916049124589817
2104913028059681235
2105000889303908724
2104996231629935038
2104991169956737303
2104993983617237359
2104993986155012273
2104963159929004088
2104926305632547264
2104954791340150997
2104929871570891181
2104957276293390779
2104995084798505343
2105000568334721192
2104996257164894211
2104995682679410800
2105003520097472645
2104995578266767633
2104950157938729055
2105001311250890895
2104974381038415977
2104971969036771664
2104923516755689680
2105003468838555659
2105002167551545524
2104994617812742551
2104979519597932947
2104990242881089811
2104969784034992420
2104965005271564692
2104978846952894766
2104977504176160891
2104939756278665641
2104985656871326180
2104947843240747212
2104934061869236699
2105003470915076410
2104987576079663486
2104982538762547631
2104992007256985792
2104974958443343886
2104972092047524142
2104997276200431998
2104992432253292693
2104987456953008591
2104996132673708496
2104971474608275567
2104953371983556955
2104953755422577066
2104982026516390288
2104979797172461600
2104956868367966411
2104981198686605689
2104968600264102235
2104962280953897330
2104935004237164653
2104974152033874007
2104973589418295371
2104973103818264872
2104977687232094636
2105002778284196007
2104993386155667499
2104988701155856487
2104972643459805244
2105000513779499077
2104988839286575482
2104973186022404359
2105005202373804414
2104997601917743498
2104995064439050677
2104991044307726478
2104989655787573666
2104963295258055162
2104999733156590010
2104998972804788420
2104975273246822692
2104974477331509639
2104950578816131382
2105004739565887616
2105003015535022527
2104999763863101474
2105005416031940941
2105004331137204617
2105002994659962989
2104990386737512752
2104989762884915357
2104989723748155879
2105004043919831208
2104991906379809034
2104980669453533607
2105005977204621368
2105003636652925255
2104993847143215604
2104994717800767613
2104992372170150045
2104984898721251366
2105003531191112017
2104987817721856484
2104942705008615440
2104999062017597947
2104997374187716765
2104995345172168921
2105001430088327201
2104991907013411074
2104974618843132224
2105007467969273972
2105016404248584581
2105003924390326704
2105045281364398548
2105006216434913567
2105007566220652890
2105063335901159688
2105059695807623250
2105054342617186774
2105060422386589719
2105028518392279052
2105028533638615258
2105041962084581432
2105024823315382273
2105043440811516365
2105049496774123689
2105034945282429277
2105045078268056046
2105057943540416706
2105045165182464130
2105021704481190340
2105044170616545522
2105020550414537172
2105015660808196261
2104984370817749084
2105012317624869106
2104744057792819655
2104955616359858301
2105060448898863572
2105037618903703575
2104971970206990587
2105058334474965258
2105028313823764824
2105043285911749097
2105039150906810434
2105028855698227323
2105064043010838799
2105063773463511405
2105056790111244368
2105043264336212266
2105038048186548616
2105021198224515414
2105056868481532204
2105052171859591274
2105049156532293953
2105059237596483604
2105057914067263952
2104978092716417042
2105045711981011152
2105023215185920414
2104977040491602353
2105054932063641794
2105052417679392886
2105048220262969638
2105056623509082446
2105040389057187886
2105031234967490607
2105064418962702740
2105036121964974543
2105027653191586084
2105043520406909146
2104990375643431113
2104957821284495663
2105048420662628357
2105046524870963264
2105044642462863778
2105055380590018637
2105037920751272092
2105005754206028029
2105062829845786887
2105058891427987652
2105055904575971706
2105019505055588448
2104977764847640989
2104974757489955203
2105059191161241786
2105051018857795712
2105044287628955836
2105064959956955314
2105050956589072600
2105043092613001217
2105058210801447034
2105012494905339968
2105059993577812325
2105057939472138488
2105049982461968446
2105063452951654685
2105061319204331748
2105061288816918978
2105026071364001990
2104985202829246497
2104961062613234160
2104981968031293595
2104981981310369982
2105026396711981067
2105026564081779060
2105029202835624425
2105019806336376861
2104980490679943320
2104968778522017835
2105055763488280933
2105051462002700635
2105056143555047561
2105056155815084239
2105017223094149337
2105039926077321518
2104956868141760813
2104956854950645897
2104983463288045909
2104957145800433845
2072675969886761264
2105044047530443101
2105037377463091421
2105021336649343407
2071725259925897652
2105065095277519305
2105055018290462954
2105040184945315963
2105064789730885836
2105055872456012122
2105043723591860393
2105028776736264506
2105008163095302642
2105059906696999302
2105034759944405319
2105040212640346432
2105058961099497965
2105050597535752210
2105025468030210325
2105042279421677677
2105012630049968627
2104941957323612463
2105056183803687381
2104995413719949752
2104994456499859572
2105035654048481766
2105030558388572607
2105028368890794053
2104956869793968352
2105049254234308718
2105029658844836263
2105029749303284028
2105066195481251945
2105063874768605607
2105057725906321694
2105061098504560668
2105059706578292826
2105055015152837116
2105027790110183436
2105041708891177067
2105058667892445365
2105062296871453096
2105060236574724442
2105058740353343993
2105013104744583605
2105011149167034524
2104991788461396378
2104991785235751346
2104991782203187533
2105056786948796895
2105054763670815025
2105033276268130490
2105065819487064385
2105061358035185841
2105046914043346996
2105062567823724713
2105047907233632705
2105024821260071267
2105063796410814947
2105059333855703431
2105022744114979011
2105026731958489180
2105026483978912066
2105002181976019317
2105055198506844180
2105048174033355118
2105065992174837852
2105061396023013476
2105058443178496211
2105058559360745768
2105057505210511649
2105054694154379633
2105059546934738972
2105058822720979179
2105058592839876909
2105062149865259193
2105047824077365531
2105044810071408994
2105032367136027020
2105054956772590054
2105049349830963398
2105040263873708314
2105049863578583477
2105041061399945269
2105040957368410341
2105106830213132444
2105101343887405057
2105100996859003198
2105106887947493689
2105106909258723370
2105090305238188439
2105085327899582484
2105093291079242235
2105093753748811993
2105093900020904127
2105085758428098771
2105079348621373635
2105064909495062696
2105109089004990561
2105075652885885140
2105088981197009130
2105081496604197345
2105065342300983467
2105094617490424177
2105105193792594187
2105105016587464707
2105104517305868643
2104968579414413501
2105105865116189060
2105105654809608430
2105104857677893899
2105097374527893661
2105095174980329843
2105082207400231068
2105067381278089506
2105069507077165315
2105068598137893139
2105067837148500457
2105075102819750086
2105067671339360752
2105104266255819161
2105081926071505357
2105081505399689414
2105109366055608441
2105108275163189596
2105092933938561434
2105071531718259035
2105100794890498361
2105033874489131022
2105099535189934250
2105108005368860695
2105100952743166268
2105096630785507371
2105066131438567883
2105074108371509596
2105071498104832218
2105070018560176573
2105108936785297745
2105084038885032121
2105105419790438908
2105102830017376529
2105102633002320186
2105076556624175435
2105070143042666838
2105070131378597919
2105095029265953014
2105064635258802262
2105070500758393116
2105062234602762503
2105106337898119246
2105106347012296883
2105081608944685343
2105074042000531749
2105070122755109372
2073406749663506927
2105080092858913258
2105100313866997765
2105091505883087235
2105083367678935430
2105092896730792344
2105077877939011936
2105087362371842496
2105086436777095269
2105096584497140174
2105082096221864330
2105067290567795098
2105042503623671925
2105108085266104523
2105033004964073585
2105090262993154205
2105107707074400421
2105076884388413837
2105108678382588035
2105107913899483289
2105104147787710707
2105108166312652979
2105100322901237775
2105100314676240628
2105106827595649093
2105103381366759804
2105073040178786712
2105090435173519557
2105073417791664387
2105109568871084346
2105108659407671431
2105105328941506962
2105100338810310770
2105100314630377776
2105086010199884276
2105108861061300341
2105107117732774361
2105105359689879875
2105077664461504662
2105108000188842242
2105097901919670280
2105094270843555901
2105087075519242389
2105083336607588449
2105101473583382882
2105088330681417748
2105080013372412359
2105145949089624455
2105127808393474091
2105121917791338929
2105113338711560203
2105127950228017343
2105114502115082605
2105133059716558999
2105110746161975767
2105151337654857774
2105130960165474423
2105133353879916593
2105125610938868055
2105153162013553051
2105145619388002809
2105139080568750431
2105142681047322642
2105139028496388560
2105163925436133652
2105161630044782634
2105160275233997119
2105156389211422880
2105146759831752790
2105138248003559541
2105119158803259641
2105085033270620219
2105119717446881455
2105146802538230028
2105115436102611279
2105147615113626025
2105137059463664108
2105116996522111432
2105122590746689536
2105135073200619936
2105115413021634735
2105133699230507210
2105111983951643053
2105133075571351817
2105123846973968455
2105133341125017841
2105168927806374018
2105140214603673876
2105161323260563895
2105154910945755188
2105159969079214312
2105153237225775424
2105130521223217205
2105122445120217529
2105193546336661976
2105159505642197300
2105155726972743926
2105191162357113098
2105175811817181377
2105115416477769853
2105148465814626766
2105134849623257541
2105121664111706288
2105134450300350614
2105134797328699751
2105191544076570751
2105176379100692916
2105149386963698111
2105148437268181088
2105138732890239348
2105137224593371199
2105129579769925642
2105124418993230248
2105117291339722820
2105163593742234077
2105153173652455906
2105158671009235033
2105154961009226091
2105152524634222592
2105146500544098810
2105136112188477900
2105130932856393896
2105123303769751906
2105115906040856928
2105154815361798408
2105153333803540670
2105152994517893133
2105154972702867581
2105153470156136626
2105151844087365779
2105121163269517756
2105111863520334185
2105146466155008436
2105157188947771674
2105150389364674656
2105146767138316770
2105284015884230880
2105283109940027581
2105281440711676071
2105291529044541708
2105291552637538610
2105274116504682673
2105297286561497096
2105298249334607978
2105251314942742827
2105273959382192330
2105260158452474252
2105270359696060723
2105270187612393559
2105270086999400588
2105256223624810810
2105254177685577823
2105260745923670345
2105297333965439144
2105292831946592463
2105289060818530726
2105286707495022974
2105276789379494304
2105253214060740689
2105267551517266034
2105266167229071538
2105256608888451556
2105269641048359278
2105283040540860429
2105268357255819511
2105267705959919806
2105299486780146169
2105287269426885082
2105275344055894071
2105287597568254418
2105288959873966562
2105291821622419701
2105263738207006876
2105294386204754086
2105293050712907922
2105287159439618499
2105282090493206992
2105281595733061793
2105295825345659025
2105291216271413425
2105278712992387362
2105239480550731777
2105299932148068860
2105299943259038126
2105277411189215447
2074600987587682787
2105290401116479818
2104664273960001901
2105114532074897523
2105111638705664386
2105292528295817228
2105136184112332877
2074989180061466626
2074988448100802720
2105299368542650496
2105292639595831506
2105288169222472065
2105292744973259028
2105296610746139013
2105284522220613983
2105278964000309562
2105286559863878008
2105265777955783162
2105215402154332447
2105297527440396471
2105294541565632515
2105278422297554989
2105284732380471630
2105243958917923064
2105295352886898715
2105293278547497072
2105301093819531758
2105285334153998693
2105300779976314938
2105297253183160355
2105297020701323519
2105301036428661064
2105299983909994961
2105299086987366860
2105273283021062287
2105256201298538677
2105256051205435803
2105298706669162639
2105288888570859770
2105287328642335216
2105294595156279710
2105266501229924458
2105266430019350742
2105266519236063294
2105264062091157597
2105299652056908278
2105294413664825823
2105287048949350426
2105291236693156180
2105289102778396934
2105286467429998835
2105275668766605499
2105270600830714171
2105258983078715703
2105277216028233889
2105258992041615732
2105291041385373976
2105287340021489683
2105286021768470867
2105290200909815841
2105281036082991517
2105259408234033503
2105294259939098908
2105290767967088724
2105286788226904278
2105298127741669452
2105283985156804664
2105282287252230176
2105278659326075041
2105278558151028841
2105278485761593451
2105286827909509179
2105294119937437733
2105292310929961040
2105274657989394920
2105365642555605121
2105039399201259743
2105353414112927916
2105359986696073442
2105347915984097489
2105346798818922708
2105375727495393346
2105375753973957118
2105341855017681060
2105319553483809137
2105371965254947128
2105351878817259555
2105332707903582630
2105362649429246099
2105329493946552377
2105356562285871443
2105344833984340267
2105338441969906078
2105324580244263177
2105314098728800353
2105331839540019460
2105330581403812175
2105328327196328443
2105350409829150727
2105372111779078545
2105371592050311623
2105368329879744653
2105356570716688671
2105353437722608076
2105340115937554438
2105354401837994064
2105340227728609564
2105334506848731223
2105353006455668898
2105333645921673254
2105301906096632301
2105376206946255120
2105343002080149658
2105325000156692865
2105352306040680911
2105349900246421932
2105348278657098017
2105346319732646126
2105345956396851397
2105315750831604128
2105358760310964494
2105355549479260268
2105355659738771486
2105376885681139799
2105347888750743566
2105343321119895747
2105372318914514951
2105370584443982289
2105370448691179588
2105363126996582814
2105352071465824512
2105351199893418091
2105372909778735225
2105367214903718176
2105364831654097373
2105336584228774244
2105335531580391816
2105324807663354113
2105377269799960853
2105374550389071947
2105365852635767218
2105376831385788615
2105376165154185370
2105370965203128811
2105336708116136141
2105343852257382473
2105370788169977883
2105368053626343558
2105367806477021407
2105357153837936696
2105357144786899335
2105346793395675473
2105338605962944590
2105345707276148994
2105319256774574088
2105317045961155018
2105313808252055692
2105369177662095480
2105369195928334438
2105368040510509128
2105345758165979540
2105345134447792632
2105344160681316487
2105304038850093488
2105325344723218794
2105374887867277441
2105317757386400019
2105298168652968091
2105085223390019859
2105349532066415025
2105358126325096718
2105320976204370182
2105289850937110565
2105284195950162257
2105314006219268258
2105313769396035881
2105311825617363021
2105378040020934777
2105362464733008049
2105359330195247312
2105358240959930820
2105373825676317028
2105365492877991951
2105346549203206418
2105372110852083807
2105364554477879513
2105357008513757638
2105317657188716821
2105376582667796538
2105358661606396326
2105342943594754093
2105378815518064780
2105377586381500610
2105345146678030659
2105363017508466898
2105374029766873578
2105374041766850941
2105346376238330223
2105377550713213402
2105366069237940618
2105377041172316522
2105372403115196787
2105377346417303669
2105355013623074899
2105342108936831207
2105345839585452252
2105311824669470954
2105374350341779837
2105372264787067090
2105367003577954460
2105377332362149906
2105376546353488070
2105374263771341068
2105354886254858325
2105372025502245296
2105308606853746894
2105302160414048429
2105376340673204408
2105371939657441313
2105368740221067587
2105372996189684150
2105352215623848190
2105352188361077210
2105342842407432365
2105373649901596820
2105353047648141410
2105347324524597273
2105374639547711947
2105374376786845769
2105365121619099941
2105357473234485602
2105335112137117743
2105331948872728870
2105365822415786465
2105362330397630610
2105338374189883758
2105354307914924104
2105350940715110467
2105350415110029399
2105311632872083739
2105378497552068647
2105378072446800082
2105377397675565472
2105378966685220942
2105376330539753845
2105373746575909216
2105365685706653861
2105363565775396935
2105360390624625047
2105369866865660053
2105357006584561858
2105339624616796252
2105343997275459835
2105318978738364629
2105318938745737684
2105371749928087613
2105367296675897482
2105356965396554130
2105370701515690266
2105370338263552469
2105354486109630747
2105390843934753275
2105108764965695716
2105370216829977047
2105434316461535421
2105430142185345332
2105427542022701462
2105405299548967308
2105385998708551866
2105386000725778489
2105432510377193773
2105421525780238702
2105390235781873755
2105390239552618984
2105426641413341307
2105423811621408972
2105421279851659530
2105418004779430053
2105396854792016283
2105428208590196971
2105402566469448185
2105382630019792999
2105432505381695750
2105431858703958239
2105430905246654852
2105416958891917359
2105416024099107030
2105387582477812163
2105408018888187934
2105384444404130202
2105384001162576252
2105422734406590631
2105420584620335478
2105415593079828730
2105393105973194828
2105428981797310604
2105417420798386399
2105411450948694154
2105386612066799746
2105434169803436407
2105409894060810623
2105394777650860381
2105414840596521358
2105402783830888839
2105432631680881073
2105394379120599420
2105389360518476051
2105431602952057048
2105410374463860933
2105400117851312367
2105433262201917943
2105428836611494123
2105425112870572177
2105432430983192875
2105424513458635230
2105413118083879293
2105396485760114845
2105416026405892155
2105420462612246803
2105415992323059768
2105413946811527652
2105401295989330314
2105415787007607138
2105076283415892052
2105435018864861309
2105432504622845962
2105433243986043140
2105433217876861375
2105432359814197329
2105419050096492572
2105416413993484679
2105416151912394932
2105411626711335233
2105413587414003789
2105413739344179275
2105413710583943468
2105417386610332117
2105411327103467950
2105387112543445454
2105432002614677674
2105427035967353271
2105385953917604052
2105388816391340324
2105430768503730383
2105401354680422838
2105417406487138329
2105404711046353298
2105408626978615695
2105409674874917308
2105408988019917067
2105424636817051905
2105415884801966436
2105411639218508259
2105419296709181636
2105412154740658248
2105400701996437615
2105394073507168512
2105415463073407447
2105398495888986584
2105426682958266562
2105424407820726365
2105422857006362973
2105415653561864269
2105428887672885636
2105427507478438248
2105391096398496031
2105381164693283112
2105414675982897184
2105432641952535033
2105431864404062416
2105432245603287377
2105380373727244787
2105386220708671879
2105384104447680726
2105382447718486318
2105405941059576023
2105406059343167616
2105406107485446505
2105403997204914234
2105432599246037268
2105428785566781770
2105426267319181480
2105429637321073075
2105426115720270315
2105424814986952738
2105424756782628984
2105410842048999690
2105402187807592753
2105435470104527212
2105433578360246439
2105427586692132923
2105306510754807842
2105435286587257059
2105419737044066739
2105419675416821840
2105433351318306950
2105431926287032638
2105429113003716802
2105432514542043340
2105402304358924753
2105388470415868322
2105426009386271024
2105405540285501514
2105434540873507217
2105419522916471111
2105436013484982383
2105433515072377130
2105423783095890304
2105423389485670604
2105421385774288911
2105419945827803239
2105425548055126043
2105422089692045775
2105420191048007969
2105429473961074707
2105397376093389169
2105390300529348662
2105386624758816935
2105434147410067967
2105412206418366926
2105410040718868884
2105409812766875655
2105449551499047245
2105470251500720495
2105470252251562369
2105443115607773556
2105468481361862960
2105464694928441699
2105464297682080226
2105456578820235661
2105456580523143662
2105439544384368834
2105463256634495257
2105463280907038843
2105438858011721910
2105438879402639547
2105441199867785451
2105457276156837919
2105449632713085270
2105463159255355817
2105460356831232215
2105462711161065961
2105448067369758897
2105438143507796134
2105437756679926170
2105437429192880570
2105478412504813832
2105477800631120179
2105474056149438585
2105437284032008634
2105437156370006427
2105441369019859125
2105439972438225250
2105442589188989115
2105459041140896208
2105453432307892662
2105448111036338501
2105474114278281554
2105470385764348145
2105466673801085249
2105437064015527973
2105437670495174968
2105468723179995361
2105461368417554513
2105444226712346951
2105463437455143332
2105437771204587951
2105479664047378514
2105477809820819482
2105476613009813769
2105467304976748765
2105452161303724491
2105439894273401039
2105471245831823601
2105453747371495525
2105413878595137595
2105463397303071119
2105392867116249257
2105392856240173334
2105403898311913818
2105468069816434861
2105477807291728324
2105470251450405154
2105462707545661458
2105479716790517929
2105481191096799521
2105463023087296995
2105447617081557381
2105478656340680877
2105454485589881337
2105444091420885224
2105448573479399873
2105466741790843293
2105465983229956356
2105460689238209000
2105470845636182503
2105457464841830744
2105438955713778064
2105451718196551936
2105481632694104203
2105477871036661870
2105474082774868058
2105473426769199519
2105472014001553563
2105462711413006518
2105478243700658598
2105476727455531347
2105451733145325814
2105475144294552055
2105466515021521322
2105455569746215204
2105481226014351867
2105480002644877818
2105477702845100362
2105449089811009986
2105440735298232612
2105480306275058017
2105479059224637911
2105476900185677885
2105463435462950937
2105444348955693143
2105443855101485252
2105441681273479303
2105469608509493733
2105469779184058734
2105459265716543597
2105442665265324184
2105453893241188508
2105440547053682709
2105462902635503925
2105442320367894584
2105482131027767462
2105481426770522248
2105481302262583728
2105481590373523690
2105483968363524192
2105516724363603977
2105533078781497500
2105523104009359422
2105515550386602042
2105514780496974141
2105502829754433725
2105489931866882359
2105493133093933125
2105524218167210292
2105493665925726230
2105516155070750802
2105508405783712125
2105504312591802653
2105516456817418618
2105495620786037165
2105413777495568584
2105502966715133957
2105500449835008093
2105497934108250121
2105516879435739193
2105520077647053278
2105500146557399447
2105508007186403472
2105492916093247729
2105482983415099444
2105482994093867480
2105493868250575059
2105493424900395199
2105490746820194712
2105454060560056831
2105532854499176586
2105500559146995927
2105459248431776146
2105575408494059718
2105558708063211970
2105515604744528335
2105485571196178828
2105482522754785741
2105482525837607165
2105514521729372487
2105569884801204439
2105554106974707978
2105554071536992752
2105488141255692501
2105518323332981095
2105514540808933412
2105502898821951626
2105491776891183283
2105490650800234919
2105510297603625343
2105497480531976309
2105489682717179960
2105493318645743671
2105485630939521389
2105481729167241607
2105508579943805355
2105507044635644326
2105505756313231862
2105508734667825481
2105507303772553658
2105505906330845473
2105497934083113212
2105497233604886625
2105488155902177327
2105518795972280452
2105490166932504855
2105489844646375878
2105678346226995556
2105689336268108165
2105671875812630683
2105672591432163738
2105690136717766711
2105685006261563456
2105684440647082354
2105689776460361972
2105689798585237639
2105656358972412265
2105660244001186067
2105650268775780666
2105677250033008810
2105662284227908041
2105636475823861792
2105682887001743411
2105664083127058473
2105663067162136824
2105689202193231916
2105635394880516229
2105632032365715571
2105630930530357477
2105663109725827364
2105642394385330193
2105625824116322580
2105689196673355791
2105686677092213018
2105684160954446054
2105623698124185864
2105649094656192682
2105611139426001237
2105692968485257248
2105689201182228669
2105688649719242892
2105689653680480508
2105689489125396666
2105677868823089255
2105667815105573228
2105673623067304030
2105642856899551452
2105621400505446759
2105692126935716069
2105664783949140072
2105633163963699372
2105632752917770345
2105668922485657870
2105656866172780661
2105647301301534780
2105628812658516034
2105664289683939454
2105690593510768916
2105684793690075595
2105680819939426328
2105694323404951650
2105688751561425345
2105679958395982275
2105691956399526108
2105687865912971522
2105681949004058654
2105686416453951770
2105683910038327301
2105681234009448688
2105690863632625918
2105688156800417897
2105684650995654725
2105680997928882664
2105677884895506502
2105672060991398032
2105691719404835038
2105688953630466374
2105683610078683325
2105693342512427402
2105692033629175986
2105692018467086847
2105679273700798886
2105664740643238393
2105654862633468149
2105664707138887785
2105659473234702809
2105646395277623754
2105622372317290665
2105627972250054962
2105634139156217914
2105694502153265427
2105694511284576289
2105480913832275976
2105677194651467892
2105674235217592625
2105666124667122118
2105692030294720987
2105686559639167449
2105683659478991293
2105652331572605281
2105688828673417690
2105678378313380055
2105669680849465524
2105689201471873390
2105682158803108340
2105681648029237270
2105680206455291918
2105678656236327291
2105676374207840614
2105678882581962767
2105675864272765042
2105677033707573657
2105677042566234266
2105677050535358536
2105655220168532385
2105605468018155812
2105631284684800020
2105666083617223154
2105647107839549546
2105694070035345678
2105682703546724750
2105666859102019681
2105685600976183473
2105665093476425760
2105660879471804667
2105690500636332222
2105639987093942295
2105691849545630177
2105662603854749969
2105689184887349287
2105684188884033712
2105676679968395672
2105693482669007141
2105690060829925625
2105687935429550147
2105654889430798758
2105649201623572606
2081814646659375610
2081814012551974955
2105620136036094190
2105620002887901645
2105689773365207374
2105689089940889659
2105688300665082281
2105630003962777692
2105629964494393377
2105674706732941373
2105668070769393942
2105661898935169301
2105694637188907226
2105689428043632768
2105687579630956630
2105691410154299806
2105685871521366062
2105674102971478299
2105681298740179310
2105667469423645078
2105627964104671238
2105641943405388161
2105681303731323030
2105652407946346873
2105645658623393924
2105676475923943796
2105661401813434484
2105657945509745055
2105691637678735870
2105689281834693034
2105685176923656330
2105681301726789854
2105678196566110262
2105677600521703464
2105691733719695843
2105677592397283741
2105645394491216143
2105643824919749025
2105643771081658462
2105643716861886670
2105692254954201345
2105684662551195828
2105672440529699287
2105687359161323607
2105685798628565277
2105685614938968383
2105614861942071702
2105612098403221749
2105763106559295555
2105388966077976803
2105277672578584648
2105764189549568472
2105734244425195765
2105730714423419126
2105753449300439520
2105753470569517193
2105732778214006920
2105750668409700715
2105721080279339389
2105744354807599416
2105760976524202226
2105760980340986037
2105760983322939774
2105749576867340398
2105747842098937876
2105743329879326747
2105737622476001620
2105756345412841869
2105757747102806318
2105764695290359896
2105757141428572331
2105757049854324821
2105719005600227405
2105711930954465591
2105708463552700677
2105763660987879784
2105748796344824146
2105728430020980765
2105765440907534526
2105761027497263568
2105757312740708573
2105763553047187937
2105757146973458440
2105751016104919466
2105539981217312980
2105746657388228751
2105732835214516609
2105756806236852375
2105767249688617235
2105762680837644718
2105756266887061902
2105738386799800628
2105707817554387434
2105762647891394695
2105763071121613021
2105747559817830665
2105763551507812527
2105737392619397172
2105728181554581719
2105738255375188346
2105765808274284930
2105762458703180028
2105761626196435373
2105742969420845255
2105719169849143689
2105710545282437599
2105764698314494214
2105761212990701618
2105757141990859097
2105765502236660024
2105754755909710300
2105735017397616842
2105764692136178000
2105757143093899527
2105749595406098549
2105736951856824670
2105755451312783615
2105725261534634034
2105710436788158836
2105766985728680289
2105756683851190410
2105754882959720924
2105764808062570946
2105755571924148238
2105762486641217628
2105741744738369942
2105765388805964099
2105738383674720464
2105710719568126281
2105757931895476269
2105762633567662519
2105760980017741848
2105756300680282592
2105764695483584647
2105763728138641651
2105761703086457213
2105732827127947462
2105758122316828768
2105744920589860872
2105744754738708778
2105744619657134554
2105742350043517320
2105736347684106345
2105753497736011983
2105746638975512870
2105736741726654649
2105767627918319935
2105765565683896768
2105764074520781135
2105765669216125272
2105749595946930198
2105719868746264861
2105765525091414311
2105759024788426902
2105757247838241092
2105734500525457509
2105720224117060004
2105697287150141656
2105767684407169274
2105765207402590222
2105765006398615974
2105811022540091820
2105811025333510273
2105782389548998938
2105797865100751102
2105797253827109120
2105793772613202284
2105807272177811881
2105807308567527465
2105783580165021728
2082099619647897734
2105767729794036152
2105786660696764801
2105784724450889792
2105742843574980985
2105750390750970294
2105820126243168394
2105797544165122430
2105777902562255063
2105771538016305328
2105694393491394593
2105697977805176951
2105694904542183806
2105810036748595349
2105809487646830724
2105809124319789059
2105803341766799756
2105803216331968743
2105769140665360873
2105784173579444415
2105780918107402458
2105791904864498017
2105812084436914431
2105810536013107224
2105812534859018690
2105790743583363329
2105773499386155066
2105812889105756242
2105784171461505362
2105817845292556452
2105812303216279782
2105803846479946017
2105774312057606598
2105817523073720588
2105808639864750356
2105805585929130311
2105820898066346027
2105815378479685867
2105782189585829958
2105817697464254689
2105810624173240736
2105806309710827520
2105797344037884269
2105786875713589568
2105801718990852541
2105797329735340209
2105791574802153937
2105811420759929017
2105807841017643377
2105807708792221787
2105805660365492314
2105791535686328797
2105732390857347101
2105822463137591544
2105822277572919789
2105820055799779784
2105817425425949008
2105795181249237497
2105795165936058680
2105777853266600238
2105681646729199789
2105742293445873707
2105772057757708647
2105786715671806307
2105770524454371361
2105800316817960983
2105800683383316823
2105800610767356015
2105794961262412202
2105731679214248159
2105785285506195958
2105797166753100029
2105773368897081851
2105818679770271794
2105809943383134719
2105802508845342763
2105764702164828223
2105628801703334217
2105628800885411909
2105822209810051364
2105809997078667698
2105773436148850728
2105804848801231349
2105780450262237443
2105816211611062554
2105792540976861404
2105779771829620850
2105772243183624451
2105773960897912835
2105811035823501334
2105805888174825596
2105805903044002299
2105737628318347470
2105705536020988303
2105705542668730582
2105705546162823664
2105781957896425569
2105773871601250352
2105765591231463542
2105808312000221499
2105768668793909352
2105817316659544522
2105789419101839684
2105785984252256383
2105813718634221790
2105805060122828838
2105782230035349637
2105803835880947826
2105791013424144506
2105816025484935537
2105764690932678958
2105726946130956393
2105820093573988576
2105818438396514755
2105810097356095952
2105820056173105530
2105820056663847146
2105817539389399295
2105743013225914718
2105742420239385007
2105742599587807555
2082485734028476755
2105807918947877166
2105780009705070655
2105778858985509229
2105821645449445799
2105820899966361755
2105818888986370523
2105811892619067636
2105800748550533533
2105798379540496771
2083313622810243483
2105822874057539904
2105820296477659583
2105817190947508293
2105817991279456327
2105817250443780275
2105796577465905358
2105788651342856408
2105763256199454938
2105711816923856968
2105757145018826845
2105755390541484081
2105755288339100023
2105757882562343406
2105695589627244551
2105721604693180854
2105816114844303575
2105813919759515896
2105810579398996086
2105815490710892828
2105795495033778633
2105795021333299367
2105795895728263345
2105795725120720899
2105788785573466115
2105818957219291163
2105807818003550448
2105793712009642107
2105822968077013036
2105807275902279972
2105800554551062912
2105820945051259096
2105820739387768891
2105820287124021605
2105818884846526537
2105904993140351336
2105900950015893805
2105898166193148037
2105863319735144699
2105863353532887244
2105830565584810329
2105812950342889633
2105885488863482127
2105877937564373011
2105870387418734688
2105836675473563927
2105854855877120288
2105854284256407828
2105848203853598950
2105840921334223131
2105835606698078392
2105830237867331793
2105841352697094424
2105834525276225804
2105869329224933597
2105854872805343371
2105854964278890554
2105834672076771684
2105831784004956417
2105868277746442428
2105864086143545742
2105855920383332792
2105860232542904389
2105857941018415543
2105856474983616644
2105855915173814554
2105877185655370150
2105824317334286354
2105833073975914610
2105862779995627834
2105860329057997155
2105863869092511760
2105842661982900461
2105826833845370981
2105850579104715069
2105889670538125393
2105871751347626276
2105864019974447162
2105850597819974109
2105829790074753056
2105860498826629616
2105849281756434579
2105849368351998093
2105900693080973821
2105874517633499429
2105871209778839991
2105900596062560508
2105855259063238834
2105853164738183498
2105854093658902634
2105830977587294521
2105828397008232844
2105828820552962409
2105858990341062919
2105850170093056049
2105845281732350432
2105862749112688800
2105858380904423540
2105853891648565675
2105852520648053015
2105844068550898167
2105879997776892173
2105880010842099732
2105874636193821057
2105873291810353158
2105855680410173741
2105853466639823204
2105844294443540682
2105851630834925802
2105834206479659505
2105836716909003156
2105809473801449942
2106000308711113057
2105998614950760606
2105997357183566163
2105991082957832443
2105998894400246159
2105998734010220901
2105989269441696212
2105843101323407450
2105998733544411579
2105986391012200888
2105870905205526557
2105716959622893617
2105997722642002179
2105988441301561611
2105985143995351507
2105975270406549818
2105994518122070479
2105993823700631825
2105884480632148436
2105993421517419000
2106004977772622073
2105995875461865617
2105980201398059490
2105996217398264005
2105851425867673850
2106003766893740429
2106003396344102958
2106001249862860855
2106002723049185405
2105976359210357135
2105966018044867062
2105964004380451028
2105993674727260567
2085360148613099782
2106003057943138664
2106006288480043233
2105998735322866103
2105991201836986572
2105890612331335688
2105832642457243767
2105831087683592577
2106006393408901355
2105993417138270686
2105867353678340117
2106006713191039022
2105998802180002287
2105991539361009679
2106006024545001887
2106002328620802215
2106002088085901486
2105977384478327107
2105976724718579783
2105976577548857725
2106007242096918876
2106004112303091972
2106003765539274793
2105991713902985239
2105991684819759158
2106000357105262757
2106006533813264385
2105997228884271425
2105997067491631119
2106005120181830031
2106001444956504313
2106001336386896112
2105861796183900639
2106000347428761630
2106000295259955546
2106000257834238267
2106065087341428910
2106066704262451581
2106056668874199248
2106081466098798772
2106078038093955257
2106069162267427062
2106053470713258160
2106066082305835505
2106081949534065089
2106021729113919916
2106034527587938610
2106030870465581147
2106026602668691533
2106024968827851022
2106060501343989860
2106021396774289602
2106054629486444928
2106054098134995068
2106052165777138099
2106036584491741329
2106009722327290076
2106081786295980170
2106078006041010568
2106074233046798830
2106070283102662979
2106033023535747172
2106052337001546020
2106047425802617105
2106037938727407870
2106077279734403294
2106075781789049296
2106028353715110216
2106086286117503007
2105998364517036136
2106044572350414958
2106028681038872782
2106077579111215173
2106074031002693942
2106052142934917475
2106046360566759741
2106042919752720770
2106073861343064181
2106062414361821679
2106042181769158863
2106080473881411859
2106077021935652965
2106072507170062338
2106079496784715786
2106074742004265329
2106070358449131664
2106051427856707852
2106074407286317415
2106066557231309109
2106064829282689139
2106081160598090012
2106076112862204334
2106071932173263337
2106058555530825846
2106011336509370620
2105878725736714533
2106086808882647176
2106086677936537892
2106081785553858565
2106044033382641879
2105998733666136140
2106070441773146206
2106035622842364105
2106054867634499976
2106054881891016771
2105655532547698799
2106009979010310316
2106066466735046766
2105995919132946513
2106054618115703061
2106039768043721101
2106036068290003225
2106087736545522099
2106083301626654748
2106079250021232863
2106087973359952360
2106086188125700462
2106075526452461769
2106073560330436840
2106061836214813049
2106031357365227980
2106039490774995451
2106017304861348197
2106081090352099672
2106065569531179465
2106063346055180755
2106053737743585453
2106046007590998415
2106038798429606163
2106044720338141526
2106033803026169953
2106063715883753809
2106019794197660063
2106032087371227346
2106019694066995512
2106076087205642514
2106075973557100968
2106070286156058856
2106086469475381524
2106082833991188726
2106080838756581458
2106036986503209385
2106022011474677764
2106085401501020254
2106085432341512393
2106085447890084110
2106085702504988878
2106085096717488343
2106082753984741511
2106076817400397951
2106076669920583972
2106072458545742000
2106065754453934096
2106060640125059303
2106088060563673239
2106083182177059111
2106045584721248283
2106085789708791915
2106084289829798105
2106078242377470354
2106086080852242934
2106085168532402259
2106084022078087634
2106082966703145362
2106074564820148372
2106068103893311629
2106082859010150679
2106060610190655992
2106055726468563054
2106086801039409205
2106074446238720156
2106063257307955579
2106146759193845781
2106146777846222914
2106146789128888682
2106135788182495525
2106127543615066422
2106111365643383008
2106118362090635695
2106100344174379020
2106100383231914042
2106142593524629977
2106124306425995747
2106140871314063559
2106093524093673625
2106081869867483297
2106019910614691941
2106047229001949325
2106134301234385276
2106122888525005174
2106093197352927557
2106146376279372153
2106131613121745179
2106092153998872594
2106097012433199509
2106129784837177467
2106123992138764352
2106148050037280877
2106147691637899685
2106146639488655754
2106126200175272051
2106100299731443918
2106127245194740157
2106146431119532495
2106144312119509390
2106132119605084251
2106136139048550711
2106112904089190681
2106106402087559469
2106142593776263336
2106130521973465299
2106130021022921096
2106105111152058736
2106146649097580736
2106139688750723342
2106132588100190641
2106109355880058973
2106099540138881134
2106146057323233665
2106146052545945755
2106142825540726803
2106145263668580432
2106139874117988602
2106122946162929888
2106148336747130909
2106144996080673084
2106134912138973625
2106127017691525441
2106119057258987845
2106121157347094835
2106119262855406004
2106144436422082652
2106137145068920942
2106135674965385449
2106146778760507823
2106146599827017898
2106146050306441388
2106106280750256354
2106135607022149667
2106131316500775222
2106124824137638081
2106114676123726307
2106145462181077094
2106128134873768294
2106098331977936925
2106098664519373054
2106136826687983893
2106097163776438771
2106110166311575862
2106110207608987870
2106078170965495866
2106066615565439202
2106138867879325732
2106133964541116700
2106131505391317016
2106147592899883121
2106127114202231232
2106113022464774629
2106139051124244778
2106139068559978692
2106118671219265642
2106106023308095867
2106136075575906642
2106136084761739580
2106123680065675591
2106118793978393005
2106007416621900022
2106057441976705078
2106143219486527533
2106141070941958277
2106139753712410917
2106121776224981376
2106139255042879907
2106137408383185407
2106134231915049277
2106119871691964730
2106104763959926887
2106129018881720383
2106127326580752784
2106124656352903568
2106137478235083245
2106041841179410466
2106011183551803462
2106120225485676564
2106146965708779706
2106117932518428673
2106094166195253416
2106137674083872976
2106131856303243323
2106124113571987635
2106144534422020316
2106132752915648685
2106113488120906060
2106111670598705479
2106142181035491531
2106107934782759162
2106095714715533422
2106095235545878723
2106094500120576339
2106129813660721610
2106146004248449306
2106142319074312240
2106138106948964645
2106144326720131380
2106142929215701033
2106140857045037081
2106138008865087562
2106117978617991178
2106105367872905582
2106148135131324848
2106122533468623275
2106145288062734787
2106143410260218336
2106142910395580523
2106109655537549532
2106097648662962333
2106148254429696124
2106144544874221776
2106142430454005790
2106140515615850763
2106139844955324429
2106134936948547727
2106136378081726745
2106089876881850554
2106082249942896894
2106130461143736577
2106124990890291383
2106115231546028246
2106079736673767761
2106067333374464198
2106061985796284913
2106099039066378639
2106148557921165323
2106142835674071463
2106133066481545220
2106148916156825954
2106142588977696873
2106140103143817327
2106149007580164569
2106142056506917198
2106140560633258315
2106142953756352535
2106130441715544124
2106123147950866605
2106137145681330502
2106134631074480145
2106133370988028079
2106098385652462025
2106092001682751602
2106149264758014340
2106139333216378991
2106131380807819350
2106103821168497121
2106178064094752889
2106174449485570440
2106168290267570227
2106174231889559890
2106174234003124546
2106174235353796908
2106176448197435752
2106168099414184388
2106177788830990802
2106176325140570506
2106178253987733832
2106181954940924106
2106176966428688429
2106172221903548766
2106170709697282123
2106183487766106431
2106182302183133688
2106174276214612001
2106191349582082298
2106187899649577140
2106183798140387515
2106189248504218023
2106168054845411827
2106182772750483559
2106149693990351040
2106183673628250253
2106183574001176603
2106183507823218988
2106163078286979312
2106157644733940031
2106157634751701174
2106152530862584005
2106152544804442465
2106189426086866995
2106169009817153915
2106166049867763797
2106187494396150070
2106187484816429092
2106187482786148443
2106161979765162095
2106152337987272782
2106176919121137986
2106183474704941333
2106169250809335846
2106191716143227353
2106187538620633546
2106179989401903587
2106191683566125439
2106154955664929083
2106191454087635183
2106190078905036945
2106180878724370530
2106174615596958037
2106168997351719087
2106168895593644402
2106173283095728379
2106181422788600150
2106176788485349822
2106164569903075472
2106192534431043798
2106187961725243429
2106185401417314383
2106186201464222050
2106183600857083952
2106179747931926984
2106163792350769545
2106158758930022535
2106157726959358387
2106177662423367974
2106158537122680954
2106192086563275004
2106174476798833083
2106173477900169622
2106237737263124949
2106237791088648631
2106237795060633614
2106237733505007764
2106206919794807141
2106203575260996058
2106188551133991153
2106180026156580988
2106151416909660398
2106232348878717168
2106233825592594503
2106227980250841586
2106240325203431497
2106232775460450650
2106228382270730544
2106149868112838921
2106219521987977345
2106210090915123256
2106218496694604111
2106218463186325684
2106213284378488940
2106218136928166279
2106217737202598199
2106233706524655796
2106220917156086007
2106204009417560207
2106244184776601705
2106240452672270487
2106236769989489078
2106189713119850813
2106174799722484185
2106162691459137846
2106210712569962745
2106233092037890112
2106232777603449050
2106224961182458110
2106220016530035061
2106210127736951134
2106206013187645484
2106197870793646423
2106197894151675950
2106212465562538461
2106214115463360899
2106205714200842750
2105742735646794233
2106219574094107110
2106210008237301853
2106212284053766305
2106193943272583213
2106193842009465294
1888689689529573458
2106203697994735622
2106194033349435491
2106212027173609560
2106195909214122342
2106198006605177227
2106168456945029541
2106236597964304596
2106234089334280595
2106229058472128655
2106262974260445206
2106214920937251101
2106196907991204295
2106223613003387025
2106204368634536187
2106184124666966198
2106199529158586423
2106214728569631177
2106263448778580145
2106249912249676070
2106236550266929507
2106216597018861699
2106215316984676595
2106214142185287894
2106244331803652443
2106226997613519054
2106218064442204171
2106210835622207506
2106203006127440116
2106216870109983053
2106213823032295509
2106234928111186064
2106232626549813459
2106231400487657746
2106232880158388595
2106184053946810761
2106169402651705421
2106162050980327624
2106218171543736777
2106207798295994546
2106207261940945250
